date,water_area_uncorrected,non_water_area,cloud_area,unfiltered_area,cloud_percent,QUALITY_DESCRIPTION,sat,water_area_clustering,non_water_area_clustering,water_area,filtered_area,corrected_areas_1,corrected_trend_1,sar_trend,days_passed,filled_area
2019-01-26,177.24187649528258,195.00410584518272,14.317475187319696,190.17490306431336,3.703783921761565,0.0,l8,,,,190.17490306431336,173.47585304318753,,0.0,2.0,173.47585304318753
2019-01-29,,,1.480773825,,0.3830712660220933,0.0,s2,188.4669313,196.6053873,188.5184019,,,,-0.36452258169934265,3.0,172.3822852980895
2019-02-03,,,1.482755251,,0.3835888098207216,0.0,s2,181.499241,203.5661024,181.5261229,,,,-0.36452258169934454,5.0,170.55967238959278
2019-02-08,,,46.25992967,,11.966969142081954,0.0,s2,145.7622278,194.5413,187.9376115,,,,-0.3255757581699356,5.0,168.9317935987431
2019-02-11,149.3157662464183,231.56314993170565,5.6845413496603365,,1.4705325190371257,0.0,l8,,,,,,,-0.16978846405227918,3.0,168.42242820658626
2019-02-13,,,1.976916825,,0.511408606367515,0.0,s2,186.2225338,198.3636225,186.5987037,,,,-0.16978846405228865,2.0,168.08285127848168
2019-02-18,,,1.598626084,,0.41354857587213734,0.0,s2,183.2635054,201.7009417,183.3922155,,,,-0.16978846405227727,5.0,167.2339089582203
2019-02-23,,,3.366324635,,0.8708371021530399,0.0,s2,59.35105444,323.8445424,59.91780077,,,,-0.1472618496732025,5.0,166.49759970985428
2019-02-27,157.25272828422206,220.0777678268975,9.23296141666484,,2.3884723806313786,0.0,l8,,,,,,,-0.14163019607843808,4.0,165.93107892554053
2019-02-28,,,13.37720436,,3.4605455073011444,0.0,s2,177.9052317,195.2810214,182.1159016,,,,-0.14163019607840965,1.0,165.78944872946212
2019-03-05,,,2.644881882,,0.6842038040905489,0.0,s2,179.9331887,203.985387,181.001697,,,,-0.07909198692810833,5.0,165.39398879482158
2019-03-10,,,386.5634575,,100.0,2.0,s2,0.0,0.0,118.235514505,,,,0.014715326797391981,5.0,165.46756542880854
2019-03-15,116.54803890677157,166.06639961265884,103.82980304137472,,26.867990740919765,0.0,l8,,,,,,,0.014715326797386297,5.0,165.54114206279547
2019-03-20,,,77.4685678,,20.040323599392476,0.0,s2,130.6222392,178.4726505,179.2291147,,,,-0.308027091503277,5.0,164.0010066052791
2019-03-25,,,129.8252054,,33.584515317967885,0.0,s2,113.5540375,143.1834458,180.8400616,,,,-0.30802709150327134,5.0,162.46087114776273
2019-03-30,,,2.66990999,,0.6906796913978641,0.0,s2,57.84621008,326.0465693,58.98970777,,,,-1.15555564052288,5.0,156.68309294514833
2019-03-31,0.0,0.0,386.563457527785,173.47585304318753,100.52007021490218,1.0,l8,,,,173.47585304318753,173.47585304318753,-0.26092265658009106,-1.7205746732026057,1.0,173.47585304318753
2019-04-04,,,166.3144128,,43.02383207254007,0.0,s2,56.85758888,163.3914558,145.9232199,,,,-1.7205746732026128,4.0,166.59355435037708
2019-04-09,,,236.2969672,,61.12760081254562,0.0,s2,86.55367265,63.71281767,176.5666656,,,,-1.1185107647058827,5.0,161.00100052684766
2019-04-14,,,31.63020071,,8.182416506404616,0.0,s2,167.893181,187.0396915,173.4398121,,,,1.2897448692810485,5.0,167.4497248732529
2019-04-16,78.96891007218161,125.73619686632958,181.8021900727943,175.31196743369284,47.03719476413314,0.0,l8,,,,175.31196743369284,175.31196743369284,0.11475714940658222,1.2897448692810514,2.0,175.31196743369284
2019-04-19,,,138.3961147,,35.80165481627295,0.0,s2,102.5948122,145.5725306,173.6086616,,,,1.2897448692810467,3.0,179.18120204153598
2019-04-24,,,10.79705738,,2.7930879577665766,0.0,s2,166.2663234,209.5000767,170.8995155,,,,-0.057046267973856854,5.0,178.8959707016667
2019-04-29,,,254.674227,,65.88160934841672,0.0,s2,47.83164694,84.05758363,179.308109,,,,-0.3937440522875818,5.0,176.9272504402288
2019-05-02,106.45327136236573,176.6234263149728,103.48330088474846,174.03514463781738,26.77030765461563,0.0,l8,,,,174.03514463781738,174.03514463781738,-0.0798014247422163,-0.39374405228758746,3.0,174.03514463781738
2019-05-04,,,15.61420159,,4.039253791123444,0.0,s2,51.47959319,319.4677435,62.43680501,,,,-0.019778758169934463,2.0,173.9955871214775
2019-05-09,,,386.5634575,,100.52007021493975,1.0,s2,0.0,0.0,96.46097524000001,,,,-0.019778758169934463,5.0,173.89669333062784
2019-05-14,,,384.7447246,,100.52254149344323,1.0,s2,0.0,0.0,130.48514547000002,,,,-0.019778758169934463,5.0,173.79779953977817
2019-05-18,119.62055282592846,151.974224540481,114.85636502758676,173.41568849005196,29.720798421262767,0.0,l8,,,,173.41568849005196,173.41568849005196,-0.03871600923533869,-0.9968334640522869,4.0,173.41568849005196
2019-05-19,,,58.03734261,,15.013665022514095,0.0,s2,122.7609629,205.765152,164.5093157,,,,-0.9968334640522869,1.0,172.41885502599968
2019-05-24,,,386.5634575,,100.52007021493975,1.0,s2,0.0,0.0,155.6039729,,,,-0.9968334640522869,5.0,167.43468770573824
2019-05-29,,,75.74388336,,19.594165428387264,0.0,s2,99.8584128,210.9611614,146.6986301,,,,-0.33970838562091216,5.0,165.73614577763368
2019-06-03,,,386.5634575,,100.52007021493975,1.0,s2,0.0,0.0,122.610428775,,,,0.09837499999999863,5.0,166.22802077763367
2019-06-08,,,138.1701808,,35.7432080299852,0.0,s2,55.20140245,193.1918743,98.52222745,,,,0.1221451830065348,5.0,166.83874669266635
2019-06-13,,,130.9768936,,33.88241212633118,0.0,s2,95.82376883,159.7624108,154.9492347,,,,0.2172259150326795,5.0,167.92487626782975
2019-06-18,,,224.1335157,,57.981040709057005,0.0,s2,54.76600937,107.6639325,142.8182299,,,,0.2172259150326738,5.0,169.01100584299311
2019-06-19,44.88800838089863,92.08884269380816,249.36031038978487,172.17381651896014,64.54473844673201,0.0,l8,,,,172.17381651896014,172.17381651896014,-0.03880849909661954,0.21722591503268518,1.0,172.17381651896014
2019-06-23,,,40.00085929,,10.347822133788721,0.0,s2,154.3635759,192.1986384,169.0072703,,,,-0.15365983660130667,4.0,171.5591771725549
2019-06-28,,,386.5634575,,100.0,2.0,s2,0.0,0.0,168.74739706666665,,,,-0.15365983660130383,5.0,170.7908779895484
2019-07-03,,,386.4222075,,100.52026130670403,1.0,s2,0.0,0.0,168.48752383333334,,,,-0.06992399346405023,5.0,170.44125802222814
2019-07-05,68.5032944878595,147.15583465171164,170.36449765182476,167.96716474780823,44.13317885951275,0.0,l8,,,,167.96716474780823,167.96716474780823,-0.26291573569699445,0.055679771241827325,2.0,167.96716474780823
2019-07-08,,,161.4909868,,41.77610278571347,0.0,s2,85.05658482,140.0155016,168.2276506,,,,0.055679771241832064,3.0,168.13420406153372
2019-07-13,,,386.5634575,,100.52007021493975,1.0,s2,0.0,0.0,168.35456955,,,,0.05567977124182448,5.0,168.41260291774284
2019-07-18,,,310.0134667,,80.19730283478783,0.0,s2,13.45704649,63.09294436,168.4814885,,,,0.7480155228758179,5.0,172.15268053212193
2019-07-21,0.0,0.0,367.8286655338042,184.01587617965347,100.54670401431821,1.0,l8,,,,184.01587617965347,184.01587617965347,1.003044464490328,0.7480155228758179,3.0,184.01587617965347
2019-07-23,,,312.4604892,,80.8303224553803,0.0,s2,20.33589654,53.76707177,172.8573511,,,,0.7480155228758179,2.0,185.5119072254051
2019-07-28,,,386.5634575,,100.52007021493975,1.0,s2,0.0,0.0,173.42555779999998,,,,0.7505894248366018,5.0,189.26485434958812
2019-08-02,,,151.2571772,,39.12867972006899,0.0,s2,100.9115407,134.3947396,173.9937645,,,,0.7523053594771227,5.0,193.02638114697373
2019-08-06,0.0,0.0,386.563457527785,,100.0,2.0,l8,,,,,,,0.752305359477127,4.0,196.03560258488224
2019-08-07,,,386.5634575,,100.52007021493975,1.0,s2,0.0,0.0,182.38606475,,,,0.6297333333333484,1.0,196.6653359182156
2019-08-12,,,343.6202564,,88.8910345089547,0.0,s2,6.297903094,36.645298,190.778365,,,,0.6297333333333313,5.0,199.81400258488225
2019-08-17,,,386.5274397,,100.52011892871947,1.0,s2,0.0,0.0,199.92602720000002,,,,0.6297333333333313,5.0,202.9626692515489
2019-08-22,,,383.9791021,,100.52358885316097,1.0,s2,0.0,0.0,209.0736894,,,,2.3845809934640556,5.0,214.88557421886918
2019-08-27,,,386.5634575,,100.52007021493975,1.0,s2,0.0,0.0,218.2213516,,,,2.8232929084967338,5.0,229.00203876135285
2019-09-01,,,386.5634575,,100.52007021493975,1.0,s2,0.0,0.0,227.3690138,,,,1.9965203202614306,5.0,238.98464036266
2019-09-06,,,386.5634575,,100.52007021493975,1.0,s2,0.0,0.0,236.51667600000002,,,,0.7563614379084924,5.0,242.76644755220246
2019-09-07,0.0,0.0,386.563457527785,232.16201047518916,100.0,2.0,l8,,,,232.16201047518916,232.16201047518916,1.003044464490327,0.7563614379084811,1.0,232.16201047518916
2019-09-11,,,342.9698427,,88.72277914568234,0.0,s2,18.26823033,25.32538452,245.6643382,,,,0.7563614379084882,4.0,235.18745622682312
2019-09-16,,,218.0736244,,56.41363329307326,0.0,s2,90.5624132,77.92588311,235.3182592,,,,0.08356715686275037,5.0,235.60529201113687
2019-09-21,,,384.6786985,,100.52263165100109,1.0,s2,0.0,0.0,239.5629113,,,,0.08356715686275037,5.0,236.02312779545062
2019-09-23,187.1334120480311,118.1688397521051,81.26120572764849,,21.021440114216627,0.0,l8,,,,,,,0.08356715686275606,2.0,236.19026210917613
2019-09-26,,,81.71567752,,21.13900730406526,0.0,s2,170.4094467,134.4383333,243.8075634,,,,0.00036679738562384046,3.0,236.191362501333
2019-10-01,,,1.517273944,,0.3925051496049996,0.0,s2,241.9582824,143.0859819,241.9671131,,,,0.0003667973856181561,5.0,236.1931964882611
2019-10-06,,,338.4987276,,87.5661475603282,0.0,s2,37.51039772,10.55433217,190.0206848,,,,0.006482692810459411,5.0,236.2256099523134
2019-10-09,141.11710990278704,128.55554309548333,116.79986739589768,239.60368269264296,30.22203681565046,0.0,l8,,,,239.60368269264296,239.60368269264296,0.23255225679543123,0.03094627450979222,3.0,239.60368269264296
2019-10-11,,,48.74407679,,12.610544159876333,0.0,s2,208.8427251,128.9474838,237.6570688,,,,0.030946274509801697,2.0,239.66557524166257
2019-10-16,,,31.3544232,,8.111067559974938,0.0,s2,229.2615381,125.9474962,236.9079449,,,,0.030946274509796014,5.0,239.82030661421155
2019-10-21,,,1.671218356,,0.4323291877753271,0.0,s2,239.4446511,145.4456682,239.6394131,,,,0.017358326797392465,5.0,239.9070982481985
2019-10-25,20.88385150378418,280.21871092585786,85.41288898882281,,22.09818227844912,0.0,l8,,,,,,,0.013961339869290157,4.0,239.96294360767567
2019-10-26,,,55.66267679,,14.399377652981821,0.0,s2,197.7138681,133.1865284,237.5346795,,,,0.013961339869297262,1.0,239.97690494754497
2019-10-31,,,42.45854241,,10.985454612823995,0.0,s2,109.5998127,234.4394632,133.3040794,,,,0.021478098039222005,5.0,240.08429543774108
2019-11-05,,,386.5634575,,100.0,2.0,s2,0.0,0.0,181.3476283,,,,0.0327532352941148,5.0,240.24806161421165
2019-11-10,,,299.3439693,,77.43721334148935,0.0,s2,38.89360843,48.32587979,229.3911772,,,,0.0327532352941148,5.0,240.41182779068222
2019-11-15,,,386.5634575,,100.52007021493975,1.0,s2,0.0,0.0,205.8963825,,,,0.01968647058823194,5.0,240.51026014362338
2019-11-20,,,6.273399889,,1.6228722383420098,0.0,s2,182.2640295,198.0241089,182.4015878,,,,0.01968647058823194,5.0,240.60869249656454
2019-11-25,,,1.433641733,,0.37090450915187145,0.0,s2,224.1240573,160.9681311,224.1724369,,,,0.025266176470586287,5.0,240.73502337891748
2019-11-26,137.41210110545774,234.08496475751875,15.054293323072256,,3.8945131003475697,0.0,l8,,,,,,,0.028985980392150168,1.0,240.76400935930963
2019-11-30,,,1.770677834,,0.4581599507415572,0.0,s2,237.7884178,146.9168133,237.9666539,,,,0.02898598039216438,4.0,240.87995328087828
2019-12-05,,,33.72618201,,8.724617227723224,0.0,s2,208.7181044,144.1191711,239.4036011,,,,-0.002400575163397889,5.0,240.8679504050613
2019-12-10,,,1.475581031,,0.38172070662957114,0.0,s2,228.9645611,156.1202423,228.9826086,,,,-0.12794679738561854,5.0,240.2282164181332
2019-12-12,41.03154565325927,304.5100405792347,41.02187129529106,,10.611937185589385,0.0,l8,,,,,,,-0.12794679738561854,2.0,239.97232282336196
2019-12-15,,,1.441027277,,0.3727900798169358,0.0,s2,233.9796637,151.1312467,234.0015509,,,,-0.12794679738561854,3.0,239.5884824312051
2019-12-20,,,114.6639169,,29.66585822734958,0.0,s2,60.75789487,211.0963062,157.7961364,,,,-0.09783498039215602,5.0,239.09930752924433
2019-12-25,,,1.579483415,,0.40885081475182666,0.0,s2,218.0762715,166.6669227,218.3815666,,,,-0.09030702614378469,5.0,238.6477723985254
2019-12-28,236.9233127251105,147.9446507392262,1.6954940634478926,236.95960060712963,0.43860691703535565,0.0,l8,,,,236.95960060712963,236.95960060712963,-0.033051026068916654,-0.09030702614379038,3.0,236.95960060712963
2019-12-30,,,2.722540686,,0.7042961376052453,0.0,s2,217.0425313,166.79685,218.0066026,,,,-0.2004992156862926,2.0,236.55860217575704
2020-01-04,,,44.44173781,,11.496621562800032,0.0,s2,176.2476091,165.8741106,215.0070916,,,,-0.1654969803921574,5.0,235.73111727379626
2020-01-09,,,1.50403059,,0.38913642190519515,0.0,s2,223.9961642,161.0045129,224.0779485,,,,-0.14216215686274722,5.0,235.02030648948252
2020-01-13,233.7184659339803,149.21937890883407,3.618691963473737,234.9477365767528,0.936135239975813,0.0,l8,,,,234.9477365767528,234.9477365767528,-0.1257415018985526,-0.1421621568627458,4.0,234.9477365767528
2020-01-14,,,2.744029853,,0.7098523670809288,0.0,s2,235.9176725,147.9017551,237.1356625,,,,-0.3025749019607815,1.0,234.645161674792
2020-01-19,,,1.428767558,,0.36960787432647807,0.0,s2,236.7363507,148.397955,236.747102,,,,-0.3025749019607872,5.0,233.13228716498807
2020-01-24,,,1.436131493,,0.371512481369506,0.0,s2,217.3247301,167.8025959,217.3270337,,,,-0.3025749019607815,5.0,231.61941265518416
2020-01-29,0.0,0.0,386.563457527785,,100.52007021490218,1.0,l8,,,,,,,-0.3874162614379088,5.0,229.68233134799462
2020-02-03,,,1.450763284,,0.3752975754788591,0.0,s2,233.8724622,151.2402321,233.8928125,,,,-0.408626601307185,5.0,227.6391983414587
2020-02-08,,,1.464675025,,0.3788964001868376,0.0,s2,232.4364163,152.6623662,232.4606078,,,,-0.4078635163398701,5.0,225.59988075975934
2020-02-13,,,386.4401232,,100.52023706145769,1.0,s2,0.0,0.0,155.4283577,,,,-0.40671888888888363,5.0,223.56628631531493
2020-02-14,60.45439323095081,65.47548971662162,259.75507033979494,,67.34902881893238,0.0,l8,,,,,,,-0.4067188888888893,1.0,223.15956742642604
2020-02-18,,,1.489616349,,0.38535688608546376,0.0,s2,78.37806411,306.6873294,78.3961076,,,,-0.4067188888888893,4.0,221.53269187087048
2020-02-23,,,1.51065691,,0.39079144193812715,0.0,s2,225.6448696,159.4079311,225.7047758,,,,-0.4050686601307234,5.0,219.50734857021686
2020-02-28,,,1.532696492,,0.3965109784313718,0.0,s2,223.0595605,161.9535325,223.1482728,,,,-0.4050686601307234,5.0,217.48200526956325
2020-03-01,211.00227255563848,157.38706395321165,18.174121018934667,218.87660929941288,4.7014586260079625,0.0,l8,,,,218.87660929941288,218.87660929941288,-0.33481515161124814,-0.4050686601307234,2.0,218.87660929941288
2020-03-04,,,8.582371739,,2.220171506373719,0.0,s2,69.05489433,308.9261915,74.8499128,,,,-0.4763677124183043,3.0,217.44750616215796
2020-03-09,,,358.5253772,,100.56096988542784,1.0,s2,0.0,0.0,146.6854181,,,,-0.47636771241830045,5.0,215.06566760006646
2020-03-14,,,15.89243572,,4.11121005124437,0.0,s2,209.7411465,160.9298753,218.5209234,,,,-0.4735936143790866,5.0,212.69769952817103
2020-03-17,127.89829712771429,177.08433008978184,81.58083031028872,,21.104123714131713,0.0,l8,,,,,,,-0.46249722222221595,3.0,211.31020786150438
2020-03-19,,,8.238360347,,2.1311792897882813,0.0,s2,211.948472,166.3766251,216.3157479,,,,-0.46249722222222545,2.0,210.38521341705993
2020-03-24,,,4.171733018,,1.0791845263350448,0.0,s2,201.7590099,180.6327146,202.8365956,,,,-0.46249722222221407,5.0,208.07272730594886
2020-03-29,,,30.66439252,,7.932571586995785,0.0,s2,201.7968839,154.1017969,208.2255311,,,,-0.3077555751633952,5.0,206.53394943013188
2020-04-02,151.6920588503272,173.77028450626153,61.09592652416271,,15.805101399851068,0.0,l8,,,,,,,-0.2690701633986947,4.0,205.4576687765371
2020-04-03,,,9.883340374,,2.556723828187467,0.0,s2,46.48386817,330.1954802,49.86872302,,,,-0.2690701633986805,1.0,205.18859861313842
2020-04-08,,,1.842449807,,0.47662475500808515,0.0,s2,50.22436509,334.4951057,50.60610582,,,,-0.096170673202613,5.0,204.70774524712536
2020-04-13,,,20.75962962,,5.370303171744043,0.0,s2,191.7192526,174.0845753,203.4070949,,,,0.1631785620914968,5.0,205.52363805758284
2020-04-18,0.0,0.0,386.563457527785,,100.52007021490218,1.0,l8,,,,,,,0.1631785620915025,5.0,206.33953086804036
2020-04-23,,,72.46482767,,18.745907366807394,0.0,s2,161.5340301,152.5645998,196.9879526,,,,-0.42042199346405484,5.0,204.23742090072008
2020-04-28,,,131.2453059,,33.9518139466749,0.0,s2,97.19643397,158.1217177,174.5533196,,,,-0.4204219934640491,5.0,202.13531093339984
2020-05-03,,,17.77043031,,4.597046241011691,0.0,s2,77.93646541,290.8550264,88.83678539,,,,-0.3461070718954261,5.0,200.4047755739227
2020-05-04,0.0,0.0,386.563457527785,,100.52007021490218,1.0,l8,,,,,,,-0.29656379084968876,1.0,200.10821178307302
2020-05-08,,,5.177388248,,1.3393372153106973,0.0,s2,64.43859682,316.9474725,66.42273843,,,,-0.29656379084966744,4.0,198.92195661967435
2020-05-13,,,386.5634575,,100.52007021493975,1.0,s2,0.0,0.0,110.84757396500001,,,,-0.353979261437911,5.0,197.1520603124848
2020-05-18,,,183.1951481,,47.390705075004554,0.0,s2,90.63214646,112.736163,155.2724095,,,,-0.583641143790851,5.0,194.23385459353054
2020-05-20,66.13726860130161,102.33546828860752,217.89031529253904,183.45513771378936,56.39522569814646,0.0,l8,,,,183.45513771378936,183.45513771378936,-0.442768394820294,-0.5836411437908424,2.0,183.45513771378936
2020-05-23,,,327.4464498,,84.70703668559942,0.0,s2,36.11303847,23.00396928,182.7293809,,,,-0.5836411437908472,3.0,181.7042142824168
2020-05-28,,,182.2698557,,47.151341433952055,0.0,s2,107.7511898,96.54241199,187.5660365,,,,-0.05415162745098314,5.0,181.4334561451619
2020-06-02,,,386.5634575,,100.52007021493975,1.0,s2,0.0,0.0,185.69024355,,,,0.07822075163398381,5.0,181.82455990333182
2020-06-05,152.8381502722371,169.0924958973498,64.61119973832506,181.91419010530595,16.71518890446799,0.0,l8,,,,181.91419010530595,181.91419010530595,-0.09630922553021293,0.0782207516339876,3.0,181.91419010530595
2020-06-07,,,97.21668691,,25.148959380746717,0.0,s2,131.3323715,158.0143991,183.8144506,,,,-0.23366669934641493,2.0,181.44685670661312
2020-06-12,,,13.52723905,,3.4993614200060246,0.0,s2,75.14068422,297.89515,83.50452913,,,,-0.2336666993464064,5.0,180.2785232098811
2020-06-17,,,386.5634575,,100.52007021493975,1.0,s2,0.0,0.0,117.25860156499999,,,,-0.2336666993464064,5.0,179.11018971314905
2020-06-21,34.85986185662841,114.7825891305987,236.6841845514668,,61.26530318610684,0.0,l8,,,,,,,-0.08757637254901596,4.0,178.759884222953
2020-06-22,,,224.0529949,,57.96021080730837,0.0,s2,45.17345415,117.3370085,151.012674,,,,-0.08757637254902306,1.0,178.67230785040397
2020-06-27,,,77.72129398,,20.106020817454574,0.0,s2,129.0978507,179.7381691,158.1118629,,,,-0.08757637254901737,5.0,178.23442598765888
2020-07-02,,,382.436175,,100.52571236160705,1.0,s2,0.0,0.0,174.30179750000002,,,,0.8040190196078469,5.0,182.25452108569812
2020-07-07,40.343363056942685,111.90062505439208,234.2806244715028,,60.61208441708048,0.0,l8,,,,,,,0.2735735947712442,5.0,183.62238905955434
2020-07-12,,,69.74160525,,18.041473546626282,0.0,s2,132.9518488,183.8692348,186.2976572,,,,0.2735735947712442,5.0,184.99025703341056
2020-07-17,,,104.0272231,,26.9108019583825,0.0,s2,109.6169928,172.9188574,159.8377475,,,,0.11536100653594303,5.0,185.56706206609027
2020-07-22,,,386.5634575,,100.0,2.0,s2,0.0,0.0,172.3788176,,,,0.00988594771241651,5.0,185.61649180465236
2020-07-23,63.75678425477413,167.7371074293453,155.04551538003057,189.2170435775891,40.111179493349624,0.0,l8,,,,189.2170435775891,189.2170435775891,0.15214278067256556,0.009885947712433563,1.0,189.2170435775891
2020-07-27,,,358.1792069,,100.56151509163237,1.0,s2,0.0,0.0,184.9198877,,,,0.029998447712415555,4.0,189.33703736843876
2020-08-01,,,319.4737568,,82.64458282226919,0.0,s2,9.481252137,57.60844857,197.4609578,,,,0.09033594771241837,5.0,189.78871710700085
2020-08-06,,,365.4371003,,100.55030155103844,1.0,s2,0.0,0.0,191.5133457,,,,0.09033594771241837,5.0,190.24039684556294
2020-08-08,10.091394874633789,30.55525544113095,345.87017506571897,,89.48386004266504,0.0,l8,,,,,,,0.2948473366013076,2.0,190.83009151876556
2020-08-11,,,85.76651508,,22.18821791072844,0.0,s2,144.6791837,156.0951015,185.5657336,,,,0.4993587254901968,3.0,192.32816769523615
2020-08-16,,,386.5634575,,100.52007021493975,1.0,s2,0.0,0.0,188.5624848,,,,0.4993587254901968,5.0,194.82496132268713
2020-08-21,,,274.5035985,,71.01126430009201,0.0,s2,61.1171871,50.94267191,191.559236,,,,0.42092926143790804,5.0,196.92960762987667
2020-08-24,17.58595370839078,38.84019922348827,330.11712013033,201.2419700079932,85.4023709984993,0.0,l8,,,,201.2419700079932,201.2419700079932,0.3757789509501279,0.30328506535947025,3.0,201.2419700079932
2020-08-26,,,72.74595443,,18.818631976964458,0.0,s2,158.1472453,155.6702578,196.477395,,,,0.30328506535947497,2.0,201.84854013871214
2020-08-31,,,312.8806031,,80.93900161059743,0.0,s2,35.24203435,38.44082006,199.0097867,,,,0.30328506535947214,5.0,203.3649654655095
2020-09-05,,,178.3222262,,46.13013017384264,0.0,s2,109.6518622,98.58936921,198.0118164,,,,1.255652124183007,5.0,209.64322608642453
2020-09-09,110.17158225874644,120.6231657017127,154.85122973791974,,40.1537261355885,0.0,l8,,,,,,,1.2556521241830083,4.0,214.66583458315657
2020-09-10,,,386.5634575,,100.52007021493975,1.0,s2,0.0,0.0,199.47738479999998,,,,1.2556521241830296,1.0,215.9214867073396
2020-09-15,,,210.5387884,,54.46427838846218,0.0,s2,96.39511636,79.62916856,200.9429532,,,,0.9152891633986939,5.0,220.49793252433307
2020-09-20,,,386.5634575,,100.52007021493975,1.0,s2,0.0,0.0,209.43826655,,,,0.6883805228758206,5.0,223.93983513871217
2020-09-25,,,101.6906613,,26.306905447769815,0.0,s2,163.6055884,121.2587615,217.9335799,,,,0.5970333986928097,5.0,226.92500213217622
2020-09-30,,,386.5634575,,100.52007021493975,1.0,s2,0.0,0.0,219.258902,,,,0.23164490196078305,5.0,228.08322664198013
2020-10-05,,,220.1109968,,56.94045634854759,0.0,s2,96.55724167,69.89521907,220.5842241,,,,0.23164490196078305,5.0,229.24145115178405
2020-10-10,,,386.5634575,,100.52007021493975,1.0,s2,0.0,0.0,223.30833541666667,,,,0.2719098431372572,5.0,230.60100036747033
2020-10-11,0.0,0.0,386.563457527785,,100.0,2.0,l8,,,,,,,0.28197607843137007,1.0,230.8829764459017
2020-10-15,,,386.5634575,,100.52007021493975,1.0,s2,0.0,0.0,226.03244673333333,,,,0.2819760784313772,4.0,232.0108807596272
2020-10-20,,,386.5634575,,100.52007021493975,1.0,s2,0.0,0.0,228.75655805,,,,0.2871709150326808,5.0,233.44673533479062
2020-10-25,,,386.3153016,,100.52040602902709,1.0,s2,0.0,0.0,231.48066936666666,,,,0.2949631699346412,5.0,234.92155118446382
2020-10-27,38.137785829989326,59.35229025543978,285.0721984176466,,74.51654734851664,0.0,l8,,,,,,,0.2949631699346469,2.0,235.51147752433312
2020-10-30,,,386.5634575,,100.52007021493975,1.0,s2,0.0,0.0,234.20478068333333,,,,0.2949631699346374,3.0,236.39636703413703
2020-11-04,,,8.665640099,,2.2417121771067605,0.0,s2,230.3183316,147.5794858,236.928892,,,,0.042199999999996865,5.0,236.607367034137
2020-11-09,,,386.5634575,,100.52007021493975,1.0,s2,0.0,0.0,201.05787685,,,,0.042199999999996865,5.0,236.818367034137
2020-11-12,94.68053592653736,67.01919277730755,224.66337648348588,233.8281892818544,58.14824797376973,0.0,l8,,,,233.8281892818544,233.8281892818544,0.40732774092326524,0.01996361655773171,3.0,233.8281892818544
2020-11-14,,,278.628267,,72.07827371296953,0.0,s2,13.03132759,94.90386295,165.1868617,,,,-0.024509150326792906,2.0,233.77917098120082
2020-11-19,,,16.67538891,,4.313760583750654,0.0,s2,175.6035447,194.2837554,187.0397054,,,,-0.02450915032679859,5.0,233.65662522956683
2020-11-24,,,10.10661416,,2.616299043844279,0.0,s2,206.9618548,169.2258342,208.002498,,,,-0.03816308496731722,5.0,233.46580980473024
2020-11-28,100.82599311737636,246.80635018664293,38.854350562725664,,10.053218177835143,0.0,l8,,,,,,,-0.09277882352941447,4.0,233.09469451061258
2020-11-29,,,242.7918282,,62.807754712230974,0.0,s2,34.08279401,109.6888353,180.8879245,,,,-0.09277882352944289,1.0,233.00191568708314
2020-12-04,,,375.8288716,,100.53500415616372,1.0,s2,0.0,0.0,180.1490034,,,,-0.09277882352941447,5.0,232.53802156943607
2020-12-09,,,83.18113178,,21.52967328888525,0.0,s2,105.4347245,197.7398987,179.4100823,,,,-0.1878152679738548,5.0,231.5989452295668
2020-12-14,,,61.05046627,,15.794840117275077,0.0,s2,129.6125031,195.858615,164.8102741,,,,-0.2115743790849649,5.0,230.54107333414197
2020-12-19,,,75.47743172,,19.525237125160736,0.0,s2,139.3823348,171.703691,208.8361513,,,,-0.20828237908496589,5.0,229.49966143871714
2020-12-24,,,105.0682064,,27.180066911895317,0.0,s2,70.40261228,211.0926388,144.1377621,,,,-0.2033443790849617,5.0,228.48293954329233
2020-12-29,,,2.044871215,,0.5289872011225129,0.0,s2,216.0922977,168.4262887,216.3117679,,,,-0.20334437908496739,5.0,227.4662176478675
2020-12-30,26.59926507116699,354.89496679974934,5.0597198116536735,,1.3089297857724682,0.0,l8,,,,,,,-0.06969160784313999,1.0,227.39652604002436
2021-01-03,,,1.751840392,,0.4531831339963301,0.0,s2,231.0355217,153.7760955,231.1424291,,,,-0.0696916078431542,4.0,227.11775960865174
2021-01-08,,,45.7139411,,11.835953359084852,0.0,s2,156.9615617,183.5539771,182.6696959,,,,-0.18018803921568177,5.0,226.21681941257333
2021-01-13,,,11.1941308,,2.895956398157951,0.0,s2,219.4396285,155.9097262,228.5106946,,,,-0.18018803921568177,5.0,225.31587921649492
2021-01-15,15.87021052984619,247.45327399676384,123.23997300117496,,31.880916470827263,0.0,l8,,,,,,,-0.18018803921567894,2.0,224.95550313806356
2021-01-18,,,1.658767201,,0.42921692250481197,0.0,s2,211.8777456,172.9270943,212.0208527,,,,-0.25302794117646954,3.0,224.19641931453415
2021-01-23,,,3.877266672,,1.0030778526783608,0.0,s2,196.2376533,186.4220434,198.1923486,,,,-0.2530279411764639,5.0,222.93127960865183
2021-01-28,,,2.674042296,,0.6917507388787136,0.0,s2,210.6933809,173.1941149,211.2570522,,,,-0.22457583006536197,5.0,221.80840045832502
2021-01-31,227.2639810396463,157.44715869448265,1.8523177936558128,227.6718965745584,0.47917560689829947,0.0,l8,,,,227.6718965745584,227.6718965745584,-0.07695365884120023,-0.11076738562092221,3.0,227.6718965745584
2021-02-02,,,40.40228981,,10.45165781324657,0.0,s2,184.782464,161.3787037,219.6322934,,,,-0.11076738562091748,2.0,227.45036180331655
2021-02-07,,,29.60099995,,7.657474955757105,0.0,s2,201.6556436,155.306814,225.4051468,,,,-0.11076738562092033,5.0,226.89652487521195
2021-02-12,,,46.93671419,,12.14204635243211,0.0,s2,189.9333369,149.6934064,224.8080293,,,,-0.19487515032679426,5.0,225.92214912357798
2021-02-16,162.9191665000675,193.91930704579696,29.72498398192042,,7.689548353075741,0.0,l8,,,,,,,-0.215902091503267,4.0,225.0585407575649
2021-02-17,,,1.589598072,,0.4112245572237153,0.0,s2,211.5774281,173.3852952,211.6307506,,,,-0.215902091503267,1.0,224.84263866606165
2021-02-22,,,1.534133642,,0.39688236689838946,0.0,s2,220.965089,164.0469608,221.0399612,,,,-0.27066277124182536,5.0,223.48932480985252
2021-02-27,,,1.641386728,,0.42460990451902386,0.0,s2,73.92924422,310.9928266,73.95227739,,,,-0.3528037908496685,5.0,221.72530585560418
2021-03-04,,,7.428910888,,1.9217849301568593,0.0,s2,216.2991231,162.8350393,220.8602488,,,,-0.3528037908496742,5.0,219.9612869013558
2021-03-09,,,1.692078206,,0.43772457477421306,0.0,s2,78.22996494,306.6402619,78.26643363,,,,-0.3915198692810463,5.0,218.00368755495057
2021-03-14,,,1.529409529,,0.39564333797247564,0.0,s2,217.4312995,167.6019807,217.5134776,,,,-0.3915198692810463,5.0,216.04608820854534
2021-03-19,,,3.781053593,,0.97811976784393,0.0,s2,155.5317215,227.2506824,155.5585986,,,,-0.3915167712418281,5.0,214.0885043523362
2021-03-20,160.01600592686313,152.18362097596685,74.35605201265007,,19.23553476727163,0.0,l8,,,,,,,-0.391514705882372,1.0,213.69698964645383
2021-03-24,,,378.5557118,,100.531129906499,1.0,s2,0.0,0.0,180.0156157,,,,-0.3915147058823578,4.0,212.1309308229244
2021-03-29,,,45.02891964,,11.648519479363646,0.0,s2,164.9308961,176.6036417,204.4726328,,,,-0.40043192810458095,5.0,210.1287711824015
2021-04-03,,,6.585985833,,1.7037286509489142,0.0,s2,45.49810432,334.4789831,47.51778668,,,,-0.43610081699345643,5.0,207.9482670974342
2021-04-05,164.44968014520907,158.01226627387138,63.990962611573096,203.5315263115909,16.55854079920959,0.0,l8,,,,203.5315263115909,203.5315263115909,-0.37719328535886687,-0.4361008169934735,2.0,203.5315263115909
2021-04-08,,,74.91797207,,19.380510651215808,0.0,s2,57.66820731,253.9772782,106.299811,,,,-0.43610081699345454,3.0,202.22322386061055
2021-04-13,,,173.6816339,,44.929656565909696,0.0,s2,127.8094276,85.07239608,196.5048183,,,,-0.3656512745098041,5.0,200.39496748806152
2021-04-18,,,386.5634575,,100.52007021493975,1.0,s2,0.0,0.0,196.38372114999999,,,,-0.34803888888888534,5.0,198.6547730436171
2021-04-21,13.318403824401855,39.71028432742992,333.4863530967174,206.7514583321952,86.28030412981222,0.0,l8,,,,206.7514583321952,206.7514583321952,0.20124575128776812,-0.3480388888888892,3.0,206.7514583321952
2021-04-23,,,66.35537003,,17.165931121640437,0.0,s2,150.8473331,169.3499957,196.262624,,,,0.030148986928097088,2.0,206.8117563060514
2021-04-28,,,175.9849595,,45.52550326333602,0.0,s2,75.01529639,135.5632017,197.9587655,,,,0.030148986928105616,5.0,206.96250124069192
2021-05-03,,,28.22124081,,7.300545424490867,0.0,s2,170.8668051,187.4754116,188.732652,,,,0.03014898692809993,5.0,207.11324617533242
2021-05-07,178.9244264001649,187.95786654362425,19.68116458399558,196.2412213720277,5.091315332769387,0.0,l8,,,,196.2412213720277,196.2412213720277,-0.656889810010469,-0.15912980392157294,4.0,196.2412213720277
2021-05-08,,,386.5634575,,100.52007021493975,1.0,s2,0.0,0.0,191.26379885,,,,-0.15912980392155873,1.0,196.08209156810614
2021-05-13,,,114.9330304,,29.731995650485928,0.0,s2,109.5256182,162.104809,193.7949457,,,,-0.15912980392157577,5.0,195.28644254849826
2021-05-18,,,357.3151137,,100.56288064393699,1.0,s2,0.0,0.0,194.2531588,,,,0.14937133333333463,5.0,196.03329921516493
2021-05-23,46.80418559230837,177.46562756507126,161.92300856852543,,41.92802130419918,0.0,l8,,,,,,,0.355038758169934,5.0,197.8084930060146
2021-05-28,,,386.5634575,,100.52007021493975,1.0,s2,0.0,0.0,195.169585,,,,0.2520227124183066,5.0,199.06860656810613
2021-06-02,,,27.71266573,,7.168982269321022,0.0,s2,186.4676324,172.3831594,195.6277981,,,,-0.1600414705882372,5.0,198.26839921516495
2021-06-07,,,386.5634575,,100.52007021493975,1.0,s2,0.0,0.0,195.6181223,,,,-0.1600414705882315,5.0,197.4681918622238
2021-06-08,0.0,0.0,386.563457527785,,100.52007021490218,1.0,l8,,,,,,,-0.16004147058822582,1.0,197.30815039163556
2021-06-12,,,386.5634575,,100.52007021493975,1.0,s2,0.0,0.0,195.6084465,,,,-0.016399607843140984,4.0,197.242551960263
2021-06-17,,,386.4924325,,100.52016628441704,1.0,s2,0.0,0.0,195.5987707,,,,-0.016399607843146667,5.0,197.16055392104727
2021-06-22,,,53.2100468,,13.764893125272998,0.0,s2,168.900422,164.4529888,195.5890949,,,,-0.00159383006536018,5.0,197.15258477072047
2021-06-24,67.91931474481824,107.4632694781842,211.1653188711888,197.2327260381532,54.62849938671988,0.0,l8,,,,197.2327260381532,197.2327260381532,0.020656347210948073,0.020614836601311026,2.0,197.2327260381532
2021-06-27,,,114.1237175,,29.5226347075182,0.0,s2,119.6073843,152.8323558,193.1479173,,,,0.0206148366013205,3.0,197.29457054795716
2021-07-02,,,59.91286551,,15.498843552342272,0.0,s2,183.654782,142.99581,197.7145802,,,,0.020614836601311026,5.0,197.39764473096372
2021-07-07,,,5.386500866,,1.3935848022404016,0.0,s2,193.5802385,187.5544725,195.8955799,,,,-0.16150049019607876,5.0,196.59014227998333
2021-07-10,74.25756927785022,83.93236414957224,228.1108524567465,192.23106147688583,59.050061711535015,0.0,l8,,,,192.23106147688583,192.23106147688583,-0.312604035079211,-0.16150049019608068,3.0,192.23106147688583
2021-07-12,,,386.3585806,,100.52034743100516,1.0,s2,0.0,0.0,193.39697145,,,,-0.16150049019607593,2.0,191.90806049649368
2021-07-17,,,176.9114991,,45.76518955903818,0.0,s2,125.7230254,83.92893302,190.898363,,,,-0.1262233333333313,5.0,191.27694382982702
2021-07-22,,,315.2345395,,81.54794080607064,0.0,s2,42.60196714,28.72695086,187.6429252,,,,-0.10270522875816823,5.0,190.76341768603618
2021-07-26,77.622578382088,127.16199986511911,180.8417562959159,188.8563888661293,46.895592986451796,0.0,l8,,,,188.8563888661293,188.8563888661293,-0.21091703817228336,-0.10270522875816823,4.0,188.8563888661293
2021-07-27,,,378.2377803,,100.5315787261995,1.0,s2,0.0,0.0,190.825588725,,,,0.10303999999999292,1.0,188.9594288661293
2021-08-01,,,381.2952107,,100.52729376580024,1.0,s2,0.0,0.0,194.00825225,,,,0.10304000000000428,5.0,189.4746288661293
2021-08-06,,,382.3593273,,100.52581857639645,1.0,s2,0.0,0.0,197.190915775,,,,0.1030399999999986,5.0,189.9898288661293
2021-08-11,,,162.5044397,,42.038231116239714,0.0,s2,95.82934216,128.2296757,200.3735793,,,,0.41415354248365477,5.0,192.06059657854757
2021-08-16,,,334.0826077,,86.42374263726245,0.0,s2,23.7573193,28.72353057,199.3361959,,,,0.49193192810457165,5.0,194.52025621907043
2021-08-21,,,95.88688309,,24.804952778672952,0.0,s2,146.2165324,144.460042,197.6753672,,,,0.4311092875816939,5.0,196.6758026569789
2021-08-26,,,13.01930327,,3.368438695779501,0.0,s2,195.2209522,178.2682859,199.657731,,,,0.33987532679739163,5.0,198.37517929096586
2021-08-27,37.27284293375316,20.832805414527584,328.3886997836302,198.5359183852628,84.96597721826214,0.0,l8,,,,198.5359183852628,198.5359183852628,0.30248529747292174,0.33987532679736887,1.0,198.5359183852628
2021-08-31,,,386.5634575,,100.52007021493975,1.0,s2,0.0,0.0,201.35997995000002,,,,0.3398753267973902,4.0,199.89541969245235
2021-09-05,,,218.2496753,,56.458951578139846,0.0,s2,97.35790538,70.95587684,203.0622289,,,,0.7846488562091508,5.0,203.8186639734981
2021-09-10,,,386.5634575,,100.52007021493975,1.0,s2,0.0,0.0,210.7373121,,,,0.7846488562091508,5.0,207.74190825454386
2021-09-12,0.0,0.0,386.563457527785,,100.52007021490218,1.0,l8,,,,,,,0.7846488562091452,2.0,209.31120596696215
2021-09-15,,,386.5634575,,100.52007021493975,1.0,s2,0.0,0.0,218.41239530000001,,,,0.5374103594771213,3.0,210.9234370453935
2021-09-20,,,334.5665148,,86.54892445216323,0.0,s2,12.23325755,39.76368516,226.0874785,,,,0.537410359477127,5.0,213.61048884277915
2021-09-25,,,386.5634575,,100.52007021493975,1.0,s2,0.0,0.0,224.7129344,,,,0.46634953594771106,5.0,215.9422365225177
2021-09-28,67.13891967965998,175.19619714325168,144.02671798877788,,37.27767729930562,0.0,l8,,,,,,,0.18210624183006985,3.0,216.4885552480079
2021-09-30,,,6.110426018,,1.5807045128458566,0.0,s2,221.6432884,158.8097431,223.3383903,,,,0.18210624183005564,2.0,216.85276773166802
2021-10-05,,,386.5634575,,100.52007021493975,1.0,s2,0.0,0.0,222.2234028,,,,0.18210624183006985,5.0,217.76329894081837
2021-10-10,,,386.5634575,,100.52007021493975,1.0,s2,0.0,0.0,221.1084153,,,,0.6950194705882324,5.0,221.23839629375954
2021-10-14,0.0,0.0,386.563457527785,,100.0,2.0,l8,,,,,,,0.8232477777777802,4.0,224.53138740487066
2021-10-15,,,184.2221967,,47.656486654592754,0.0,s2,109.5621933,92.77829985,219.9934278,,,,0.823247777777766,1.0,225.35463518264842
2021-10-20,,,386.5634575,,100.52007021493975,1.0,s2,0.0,0.0,199.41768710000002,,,,0.4985652026143782,5.0,227.8474611957203
2021-10-25,,,104.7701452,,27.104578092379146,0.0,s2,115.3531736,166.4170835,178.8419464,,,,0.011541339869285138,5.0,227.90516789506674
2021-10-30,48.22604690552331,119.86416992890294,218.10055449601512,232.9535846845729,56.47482298571007,0.0,l8,,,,232.9535846845729,232.9535846845729,0.5377760359267203,0.011541339869285138,5.0,232.9535846845729
2021-11-04,,,13.36237049,,3.456721876738002,0.0,s2,229.6414949,143.5580556,233.849141,,,,-0.041505457516348085,5.0,232.74605739699115
2021-11-09,,,368.8988476,,100.54510937090225,1.0,s2,0.0,0.0,218.4340917,,,,-0.0415054575163424,5.0,232.53853010940944
2021-11-14,,,386.5411756,,100.52010034995067,1.0,s2,0.0,0.0,203.0190424,,,,-1.382903712418306,5.0,225.6240115473179
2021-11-15,67.1000971240354,121.3672868384774,197.99935708407097,232.11438137025505,51.23322036661484,0.0,l8,,,,232.11438137025505,232.11438137025505,-0.052450207144865146,-2.277169215686257,1.0,232.11438137025505
2021-11-19,,,250.1462145,,64.71025898266313,0.0,s2,19.32441623,117.0928268,187.6039931,,,,-2.2771692156862713,4.0,223.00570450750996
2021-11-24,,,10.33869209,,2.675993934025587,0.0,s2,217.506669,158.5042475,219.0735313,,,,-1.356686248366009,5.0,216.22227326567992
2021-11-29,,,386.1537139,,100.52062492893681,1.0,s2,0.0,0.0,208.61748766666668,,,,2.325245620915035,5.0,227.8485013702551
2021-12-01,0.0,0.0,386.563457527785,232.6439812423864,100.52007021490218,1.0,l8,,,,232.6439812423864,232.6439812423864,0.0330999920082089,2.325245620915041,2.0,232.6439812423864
2021-12-04,,,386.5623046,,100.52007177408619,1.0,s2,0.0,0.0,198.16144403333334,,,,2.3252456209150316,3.0,239.61971810513148
2021-12-09,,,39.2069914,,10.145136273215048,0.0,s2,167.3004161,179.9535561,187.7054004,,,,0.37567053594771094,5.0,241.49807078487004
2021-12-14,,,1.462697973,,0.37840224707071907,0.0,s2,189.6820742,195.4010225,189.7097198,,,,-0.11172323529411869,5.0,240.93945460839944
2021-12-17,232.93747812611443,151.2179125051593,2.4028765343893763,233.17358111451773,0.6216078502234185,0.0,l8,,,,233.17358111451773,233.17358111451773,0.0330999920082089,-0.1117232352941168,3.0,233.17358111451773
2021-12-19,,,1.669698605,,0.4322912009795571,0.0,s2,209.4193718,175.1548784,209.8283798,,,,-0.1174939215686237,2.0,232.93859327138048
2021-12-24,,,2.317698169,,0.5997571750817192,0.0,s2,215.9430342,168.178691,216.3219524,,,,-0.11749392156862655,5.0,232.35112366353735
2021-12-29,,,4.107003337,,1.064600654133062,0.0,s2,186.8055603,194.866209,188.4084893,,,,-0.11749392156862655,5.0,231.76365405569422
2022-01-02,28.7744640894165,264.88272543702254,92.9062680013457,,24.033898236402216,0.0,l8,,,,,,,-0.1037787254902014,4.0,231.3485391537334
2022-01-03,,,263.0445373,,68.04834169257713,0.0,s2,64.55647226,58.95438732,233.5632242,,,,-0.32888532679737636,1.0,231.01965382693604
2022-01-08,,,322.7044049,,83.48031832736281,0.0,s2,26.19478603,37.66426662,237.0939627,,,,-0.32888532679738774,5.0,229.3752271929491
2022-01-13,,,1.760971271,,0.45575254754034533,0.0,s2,212.0066422,172.6199735,212.2674033,,,,-0.32888532679738774,5.0,227.73080055896216
2022-01-18,,,1.689010424,,0.4369887011545932,0.0,s2,210.2109303,174.6112939,210.3150184,,,,-0.2710336405228759,5.0,226.37563235634778
2022-01-23,,,1.686762025,,0.43645598988914514,0.0,s2,212.2945878,172.4864875,212.4631968,,,,-0.25657071895424793,5.0,225.09277876157654
2022-01-28,,,41.21546238,,10.662017211357952,0.0,s2,204.6517435,140.6962517,225.5841319,,,,-0.3126855294117604,5.0,223.52935111451774
2022-02-02,,,107.7247574,,27.867289394374932,0.0,s2,184.5561241,94.28257602,231.4512822,,,,-0.39685774509804334,5.0,221.54506238902752
2022-02-03,203.8458311217568,154.42531671711802,28.28280473596769,227.6301722930824,7.316651284400391,0.0,l8,,,,227.6301722930824,227.6301722930824,-0.11548768377990253,-0.39685774509803196,1.0,227.6301722930824
2022-02-07,,,7.498586764,,1.9398074539310335,0.0,s2,218.9288371,160.1360337,222.3811747,,,,-0.39685774509803906,4.0,226.04274131269025
2022-02-12,,,14.9931787,,3.8785814874909637,0.0,s2,219.0089974,152.5612814,228.5906798,,,,-0.289299248366018,5.0,224.59624507086016
2022-02-17,,,199.8416373,,51.69698103055442,0.0,s2,136.5653761,50.15644411,215.1894787,,,,-0.2892992483660123,5.0,223.1497488290301
2022-02-19,0.0,0.0,352.0898032486494,222.33809830590963,100.57128199148934,1.0,l8,,,,222.33809830590963,222.33809830590963,-0.33075462419829904,-0.28929924836602083,2.0,222.33809830590963
2022-02-22,,,273.0664721,,70.63949445016125,0.0,s2,84.72315092,28.77383447,209.2116321,,,,-0.33649032679737917,3.0,221.3286273255175
2022-02-27,,,1.449164947,,0.3748841021331678,0.0,s2,223.6475848,161.4667078,223.6913655,,,,-0.3364903267973773,5.0,219.6461756915306
2022-03-04,,,1.444169239,,0.37359176374148073,0.0,s2,222.389681,162.7296073,222.433078,,,,-0.37550790196077627,5.0,217.76863618172672
2022-03-07,19.46737383143215,56.82612207382568,310.2621805815116,217.04602431873684,80.26325816796817,0.0,l8,,,,217.04602431873684,217.04602431873684,-0.33075462419829904,-0.5315782026143836,3.0,217.04602431873684
2022-03-09,,,34.4523542,,8.91247052238506,0.0,s2,206.9479035,145.1631998,219.539438,,,,-0.5315782026143836,2.0,215.98286791350807
2022-03-14,,,1.415367283,,0.36614099330955097,0.0,s2,218.3034879,166.8446023,218.3242279,,,,-0.5315782026143893,5.0,213.32497690043613
2022-03-19,,,386.5634575,,100.52007021493975,1.0,s2,0.0,0.0,216.60607336666666,,,,-0.231364058823533,5.0,212.16815660631846
2022-03-23,0.0,0.0,386.563457527785,,100.52007021490218,1.0,l8,,,,,,,-0.15631052287581326,4.0,211.5429145148152
2022-03-24,,,386.2490416,,100.52049576797174,1.0,s2,0.0,0.0,214.88791883333334,,,,-0.15631052287582747,1.0,211.38660399193938
2022-03-29,,,108.1602658,,27.97995094298846,0.0,s2,174.040774,104.3624178,213.1697643,,,,-0.12390471895424753,5.0,210.76708039716814
2022-04-03,,,2.03162117,,0.5255595506354007,0.0,s2,204.3852291,180.1466072,204.5176554,,,,-0.07529601307189751,5.0,210.39060033180866
2022-04-08,,,1.533236362,,0.3966325146371913,0.0,s2,211.2877861,173.742435,211.4210147,,,,-0.07529601307189182,5.0,210.0141202664492
2022-04-13,,,1.517541986,,0.39257254057827234,0.0,s2,208.2720902,176.7738253,208.3650399,,,,-0.5310455228758144,5.0,207.35889265207012
2022-04-18,,,37.13522955,,9.606502845705933,0.0,s2,189.9345779,159.4936501,205.7887997,,,,-0.5310455228758201,5.0,204.70366503769102
2022-04-23,,,1.405763222,,0.3636565211998945,0.0,s2,67.76563234,317.392062,67.76832005,,,,-0.43080367973856254,5.0,202.5496466389982
2022-04-24,185.8384425422196,159.53147516189645,41.171925840758384,197.93234931606133,10.651350307428917,0.0,l8,,,,197.93234931606133,197.93234931606133,-0.39820156255573974,-0.363975784313709,1.0,197.93234931606133
2022-04-28,,,154.1887037,,39.88703553545616,0.0,s2,143.73652,88.6382339,200.7073776,,,,-0.36397578431373034,4.0,196.4764461788064
2022-05-03,,,385.5581062,,100.52143338067195,1.0,s2,0.0,0.0,200.7073776,,,,-0.31398867320261276,5.0,194.90650281279335
2022-05-08,,,386.5634575,,100.0,2.0,s2,0.0,0.0,200.7073776,,,,-0.11404022875817077,5.0,194.3363016690025
2022-05-10,0.0,0.0,386.563457527785,197.93234931606133,100.0,2.0,l8,,,,197.93234931606133,197.93234931606133,0.0,-0.11404022875817077,2.0,197.93234931606133
2022-05-26,0.0,0.0,386.563457527785,,100.0,2.0,l8,,,,,,,-0.5885807189542493,16.0,188.51505781279334
2022-06-11,0.0,0.0,386.563457527785,197.93234931606133,100.0,2.0,l8,,,,197.93234931606133,197.93234931606133,0.0,0.46540262254901776,16.0,197.93234931606133
