date,water_area_uncorrected,non_water_area,cloud_area,unfiltered_area,cloud_percent,QUALITY_DESCRIPTION,sat,water_area_clustering,non_water_area_clustering,water_area,filtered_area,corrected_areas_1,corrected_trend_1,sar_trend,days_passed,filled_area,wl (m),area (m2),dS
2019-01-26,177.24187649528258,195.00410584518272,14.317475187319696,190.17490306431336,3.703783921761565,0.0,l8,,,,190.17490306431336,173.47585304318753,,0.0,2.0,173.47585304318753,137.28823373231904,173475853.04318753,
2019-01-29,,,1.480773825,,0.3830712660220933,0.0,s2,188.4669313,196.6053873,188.5184019,,,,-0.3645225816993426,3.0,172.3822852980895,137.22996191641684,172382285.2980895,-10076890.882850638
2019-02-03,,,1.482755251,,0.3835888098207216,0.0,s2,181.499241,203.5661024,181.5261229,,,,-0.3645225816993445,5.0,170.55967238959278,137.14718375650466,170559672.38959277,-14194052.107033623
2019-02-08,,,46.25992967,,11.966969142081954,0.0,s2,145.7622278,194.5413,187.9376115,,,,-0.3255757581699356,5.0,168.9317935987431,137.0789646348347,168931793.5987431,-11579904.81208484
2019-02-11,149.3157662464183,231.56314993170565,5.6845413496603365,,1.4705325190371257,0.0,l8,,,,,,,-0.1697884640522791,3.0,168.42242820658626,137.0576187828847,168422428.20658627,-3600556.6366823944
2019-02-13,,,1.976916825,,0.511408606367515,0.0,s2,186.2225338,198.3636225,186.5987037,,,,-0.1697884640522886,2.0,168.08285127848168,137.04338821491802,168082851.2784817,-2394330.62542906
2019-02-18,,,1.598626084,,0.4135485758721373,0.0,s2,183.2635054,201.7009417,183.3922155,,,,-0.1697884640522772,5.0,167.2339089582203,137.00781179500137,167233908.9582203,-5964684.93363603
2019-02-23,,,3.366324635,,0.8708371021530399,0.0,s2,59.35105444,323.8445424,59.91780077,,,,-0.1472618496732025,5.0,166.49759970985428,136.9769554619111,166497599.70985427,-5148865.297090225
2019-02-27,157.25272828422206,220.0777678268975,9.23296141666484,,2.3884723806313786,0.0,l8,,,,,,,-0.141630196078438,4.0,165.93107892554053,136.95321441280421,165931078.92554054,-3946102.792010493
2019-02-28,,,13.37720436,,3.4605455073011444,0.0,s2,177.9052317,195.2810214,182.1159016,,,,-0.1416301960784096,1.0,165.78944872946212,136.94727915052746,165789448.72946212,-984424.1671072646
2019-03-05,,,2.644881882,,0.6842038040905489,0.0,s2,179.9331887,203.985387,181.001697,,,,-0.0790919869281083,5.0,165.39398879482158,136.9307067069595,165393988.7948216,-2744259.4145058035
2019-03-10,,,386.5634575,,100.0,2.0,s2,0.0,0.0,118.235514505,,,,0.0147153267973919,5.0,165.46756542880854,136.93379006511506,165467565.42880854,510082.33578666137
2019-03-15,116.54803890677157,166.06639961265884,103.82980304137472,,26.867990740919765,0.0,l8,,,,,,,0.0147153267973862,5.0,165.54114206279547,136.9368734232706,165541142.06279546,510309.19890112284
2019-03-20,,,77.4685678,,20.04032359939248,0.0,s2,130.6222392,178.4726505,179.2291147,,,,-0.308027091503277,5.0,164.0010066052791,136.8723313401898,164001006.6052791,-10634668.368983967
2019-03-25,,,129.8252054,,33.584515317967885,0.0,s2,113.5540375,143.1834458,180.8400616,,,,-0.3080270915032713,5.0,162.46087114776273,136.80778925710896,162460871.14776275,-10535264.818329226
2019-03-30,,,2.66990999,,0.6906796913978641,0.0,s2,57.84621008,326.0465693,58.98970777,,,,-1.15555564052288,5.0,156.68309294514833,136.5656613072875,156683092.94514832,-38636836.86185378
2019-03-31,0.0,0.0,386.563457527785,173.47585304318753,100.52007021490218,1.0,l8,,,,173.47585304318753,173.47585304318753,-0.260922656580091,-1.7205746732026057,1.0,173.47585304318753,137.28823373231904,173475853.04318753,119281875.1243228
2019-04-04,,,166.3144128,,43.02383207254007,0.0,s2,56.85758888,163.3914558,145.9232199,,,,-1.7205746732026128,4.0,166.59355435037708,136.98097660975913,166593554.35037708,-52244373.79320152
2019-04-09,,,236.2969672,,61.12760081254562,0.0,s2,86.55367265,63.71281767,176.5666656,,,,-1.1185107647058827,5.0,161.00100052684766,136.74661081306851,161001000.52684766,-38388479.42265339
2019-04-14,,,31.63020071,,8.182416506404616,0.0,s2,167.893181,187.0396915,173.4398121,,,,1.2897448692810485,5.0,167.4497248732529,137.01685594020964,167449724.8732529,44381104.022672206
2019-04-16,78.96891007218161,125.73619686632958,181.8021900727943,175.31196743369284,47.03719476413314,0.0,l8,,,,175.31196743369284,175.31196743369284,0.1147571494065822,1.2897448692810514,2.0,175.31196743369284,137.38607286502804,175311967.43369284,63276708.98956107
2019-04-19,,,138.3961147,,35.80165481627295,0.0,s2,102.5948122,145.5725306,173.6086616,,,,1.2897448692810467,3.0,179.18120204153598,137.56772428524346,179181202.04153597,32197093.845919855
2019-04-24,,,10.79705738,,2.7930879577665766,0.0,s2,166.2663234,209.5000767,170.8995155,,,,-0.0570462679738568,5.0,178.8959707016667,137.55656609101874,178895970.7016667,-1997747.3204536107
2019-04-29,,,254.674227,,65.88160934841672,0.0,s2,47.83164694,84.05758363,179.308109,,,,-0.3937440522875818,5.0,176.9272504402288,137.47214478367115,176927250.4402288,-15019530.756713443
2019-05-02,106.45327136236573,176.6234263149728,103.48330088474846,174.03514463781738,26.77030765461563,0.0,l8,,,,174.03514463781738,174.03514463781738,-0.0798014247422163,-0.3937440522875874,3.0,174.03514463781738,137.31803612634906,174035144.63781738,-27043171.738012698
2019-05-04,,,15.61420159,,4.039253791123444,0.0,s2,51.47959319,319.4677435,62.43680501,,,,-0.0197787581699344,2.0,173.9955871214775,137.31592826579808,173995587.1214775,-366800.1250018089
2019-05-09,,,386.5634575,,100.52007021493976,1.0,s2,0.0,0.0,96.46097524,,,,-0.0197787581699344,5.0,173.89669333062784,137.31065861442065,173896693.33062783,-916635.5174412301
2019-05-14,,,384.7447246,,100.52254149344324,1.0,s2,0.0,0.0,130.48514547000002,,,,-0.0197787581699344,5.0,173.79779953977817,137.30538896304324,173797799.53977817,-916114.3816351187
2019-05-18,119.62055282592846,151.974224540481,114.85636502758676,173.41568849005196,29.720798421262767,0.0,l8,,,,173.41568849005196,173.41568849005196,-0.0387160092353386,-0.9968334640522868,4.0,173.41568849005196,137.28502780586422,173415688.49005195,-3534834.202226401
2019-05-19,,,58.03734261,,15.013665022514097,0.0,s2,122.7609629,205.765152,164.5093157,,,,-0.9968334640522868,1.0,172.41885502599968,137.23191056976907,172418855.02599967,-9184887.548899803
2019-05-24,,,386.5634575,,100.52007021493976,1.0,s2,0.0,0.0,155.6039729,,,,-0.9968334640522868,5.0,167.43468770573824,137.01622578127765,167434687.70573825,-36650619.7410766
2019-05-29,,,75.74388336,,19.594165428387264,0.0,s2,99.8584128,210.9611614,146.6986301,,,,-0.3397083856209121,5.0,165.73614577763368,136.94504539665306,165736145.77763367,-11857614.036522001
2019-06-03,,,386.5634575,,100.52007021493976,1.0,s2,0.0,0.0,122.610428775,,,,0.0983749999999986,5.0,166.22802077763367,136.96565828298097,166228020.77763367,3421369.8150716326
2019-06-08,,,138.1701808,,35.7432080299852,0.0,s2,55.20140245,193.1918743,98.52222745,,,,0.1221451830065348,5.0,166.83874669266635,136.9912518257796,166838746.69266635,4262179.2840288635
2019-06-13,,,130.9768936,,33.88241212633118,0.0,s2,95.82376883,159.7624108,154.9492347,,,,0.2172259150326795,5.0,167.92487626782977,137.03676799446117,167924876.26782978,7618578.765559815
2019-06-18,,,224.1335157,,57.981040709057005,0.0,s2,54.76600937,107.6639325,142.8182299,,,,0.2172259150326738,5.0,169.01100584299311,137.0822841631427,169011005.8429931,7668015.222508193
2019-06-19,44.88800838089863,92.08884269380816,249.36031038978487,172.17381651896014,64.54473844673201,0.0,l8,,,,172.17381651896014,172.17381651896014,-0.0388084990966195,0.2172259150326851,1.0,172.17381651896014,137.21885345571724,172173816.51896015,23297684.91357017
2019-06-23,,,40.00085929,,10.34782213378872,0.0,s2,154.3635759,192.1986384,169.0072703,,,,-0.1536598366013066,4.0,171.5591771725549,137.189069761029,171559177.1725549,-5118819.269190403
2019-06-28,,,386.5634575,,100.0,2.0,s2,0.0,0.0,168.74739706666665,,,,-0.1536598366013038,5.0,170.7908779895484,137.15687283350647,170790877.9895484,-5511309.956694917
2019-07-03,,,386.4222075,,100.52026130670404,1.0,s2,0.0,0.0,168.48752383333334,,,,-0.0699239934640502,5.0,170.44125802222814,137.1422213943312,170441258.02222815,-2499770.9427139927
2019-07-05,68.5032944878595,147.15583465171164,170.36449765182476,167.96716474780823,44.13317885951275,0.0,l8,,,,167.96716474780823,167.96716474780823,-0.2629157356969944,0.0556797712418273,2.0,167.96716474780823,137.03854016753516,167967164.74780822,-17543300.215453
2019-07-08,,,161.4909868,,41.77610278571347,0.0,s2,85.05658482,140.0155016,168.2276506,,,,0.055679771241832,3.0,168.13420406153372,137.04554024354252,168134204.06153372,1176367.5639212793
2019-07-13,,,386.5634575,,100.52007021493976,1.0,s2,0.0,0.0,168.35456955,,,,0.0556797712418244,5.0,168.41260291774284,137.05720703688812,168412602.91774285,1963211.0240738995
2019-07-18,,,310.0134667,,80.19730283478783,0.0,s2,13.45704649,63.09294436,168.4814885,,,,0.7480155228758179,5.0,172.1526805321219,137.21772720419833,172152680.5321219,27333798.139710713
2019-07-21,0.0,0.0,367.8286655338042,184.01587617965347,100.5467040143182,1.0,l8,,,,184.01587617965347,184.01587617965347,1.003044464490328,0.7480155228758179,3.0,184.01587617965347,137.7568557918691,184015876.17965347,96010325.47637872
2019-07-23,,,312.4604892,,80.8303224553803,0.0,s2,20.33589654,53.76707177,172.8573511,,,,0.7480155228758179,2.0,185.5119072254051,137.81538023375668,185511907.2254051,10813203.64286864
2019-07-28,,,386.5634575,,100.52007021493976,1.0,s2,0.0,0.0,173.42555779999998,,,,0.7505894248366018,5.0,189.2648543495881,137.96219479118193,189264854.3495881,27511342.191949528
2019-08-02,,,151.2571772,,39.12867972006899,0.0,s2,100.9115407,134.3947396,173.9937645,,,,0.7523053594771227,5.0,193.02638114697373,138.1093449837447,193026381.14697373,28127114.459190365
2019-08-06,0.0,0.0,386.563457527785,,100.0,2.0,l8,,,,,,,0.752305359477127,4.0,196.03560258488224,138.2270651377949,196035602.58488223,22900218.32999602
2019-08-07,,,386.5634575,,100.52007021493976,1.0,s2,0.0,0.0,182.38606475,,,,0.6297333333333484,1.0,196.6653359182156,138.2517001826197,196665335.9182156,4837102.611377855
2019-08-12,,,343.6202564,,88.8910345089547,0.0,s2,6.297903094,36.645298,190.778365,,,,0.6297333333333313,5.0,199.81400258488225,138.39060367265716,199814002.58488226,27536181.922915492
2019-08-17,,,386.5274397,,100.52011892871948,1.0,s2,0.0,0.0,199.9260272,,,,0.6297333333333313,5.0,202.9626692515489,138.53965298232183,202962669.25154892,30016792.44312502
2019-08-22,,,383.9791021,,100.52358885316096,1.0,s2,0.0,0.0,209.0736894,,,,2.384580993464056,5.0,214.8855742188692,139.12092974101844,214885574.2188692,121442736.29577984
2019-08-27,,,386.5634575,,100.52007021493976,1.0,s2,0.0,0.0,218.2213516,,,,2.8232929084967338,5.0,229.00203876135285,139.72604530580784,229002038.76135284,134301651.81577298
2019-09-01,,,386.5634575,,100.52007021493976,1.0,s2,0.0,0.0,227.3690138,,,,1.9965203202614303,5.0,238.98464036266,140.1,238984640.36266,87502907.7389101
2019-09-06,,,386.5634575,,100.52007021493976,1.0,s2,0.0,0.0,236.516676,,,,0.7563614379084924,5.0,242.7664475522025,140.19918358748208,242766447.5522025,23890900.58639739
2019-09-07,0.0,0.0,386.563457527785,232.1620104751892,100.0,2.0,l8,,,,232.1620104751892,232.1620104751892,1.003044464490327,0.7563614379084811,1.0,232.1620104751892,139.79626689944865,232162010.47518918,-95678300.68060996
2019-09-11,,,342.9698427,,88.72277914568234,0.0,s2,18.26823033,25.32538452,245.6643382,,,,0.7563614379084882,4.0,235.18745622682312,139.98356249851113,235187456.22682312,43766249.16874204
2019-09-16,,,218.0736244,,56.41363329307326,0.0,s2,90.5624132,77.92588311,235.3182592,,,,0.0835671568627503,5.0,235.60529201113687,140.01040419771758,235605292.01113686,6318438.668389004
2019-09-21,,,384.6786985,,100.52263165100108,1.0,s2,0.0,0.0,239.5629113,,,,0.0835671568627503,5.0,236.02312779545065,140.03724589692402,236023127.79545066,6329654.090829242
2019-09-23,187.1334120480311,118.1688397521051,81.26120572764849,,21.021440114216627,0.0,l8,,,,,,,0.083567156862756,2.0,236.19026210917613,140.0479825766066,236190262.10917613,2535001.95461899
2019-09-26,,,81.71567752,,21.13900730406526,0.0,s2,170.4094467,134.4383333,243.8075634,,,,0.0003667973856238,3.0,236.191362501333,140.04805326561026,236191362.501333,16696.093193072767
2019-10-01,,,1.517273944,,0.3925051496049996,0.0,s2,241.9582824,143.0859819,241.9671131,,,,0.0003667973856181,5.0,236.1931964882611,140.04817108061633,236193196.4882611,27826.99484092416
2019-10-06,,,338.4987276,,87.5661475603282,0.0,s2,37.51039772,10.55433217,190.0206848,,,,0.0064826928104594,5.0,236.2256099523134,140.05025331599444,236225609.9523134,491843.57602785435
2019-10-09,141.11710990278704,128.55554309548333,116.79986739589768,239.60368269264296,30.22203681565046,0.0,l8,,,,239.60368269264296,239.60368269264296,0.2325522567954312,0.0309462745097922,3.0,239.60368269264296,140.1,239603682.69264296,11835464.730897736
2019-10-11,,,48.74407679,,12.610544159876332,0.0,s2,208.8427251,128.9474838,237.6570688,,,,0.0309462745098016,2.0,239.66557524166257,140.1,239665575.24166256,0.0
2019-10-16,,,31.3544232,,8.111067559974938,0.0,s2,229.2615381,125.9474962,236.9079449,,,,0.030946274509796,5.0,239.82030661421155,140.1,239820306.61421156,0.0
2019-10-21,,,1.671218356,,0.4323291877753271,0.0,s2,239.4446511,145.4456682,239.6394131,,,,0.0173583267973924,5.0,239.9070982481985,140.1,239907098.2481985,0.0
2019-10-25,20.88385150378418,280.21871092585786,85.41288898882281,,22.09818227844912,0.0,l8,,,,,,,0.0139613398692901,4.0,239.96294360767567,140.1,239962943.60767567,0.0
2019-10-26,,,55.66267679,,14.39937765298182,0.0,s2,197.7138681,133.1865284,237.5346795,,,,0.0139613398692972,1.0,239.97690494754497,140.1,239976904.94754496,0.0
2019-10-31,,,42.45854241,,10.985454612823997,0.0,s2,109.5998127,234.4394632,133.3040794,,,,0.021478098039222,5.0,240.08429543774108,140.1,240084295.43774107,0.0
2019-11-05,,,386.5634575,,100.0,2.0,s2,0.0,0.0,181.3476283,,,,0.0327532352941148,5.0,240.24806161421165,140.1,240248061.61421165,0.0
2019-11-10,,,299.3439693,,77.43721334148935,0.0,s2,38.89360843,48.32587979,229.3911772,,,,0.0327532352941148,5.0,240.41182779068225,140.1,240411827.79068226,0.0
2019-11-15,,,386.5634575,,100.52007021493976,1.0,s2,0.0,0.0,205.8963825,,,,0.0196864705882319,5.0,240.51026014362336,140.1,240510260.14362335,0.0
2019-11-20,,,6.273399889,,1.6228722383420098,0.0,s2,182.2640295,198.0241089,182.4015878,,,,0.0196864705882319,5.0,240.60869249656452,140.1,240608692.4965645,0.0
2019-11-25,,,1.433641733,,0.3709045091518714,0.0,s2,224.1240573,160.9681311,224.1724369,,,,0.0252661764705862,5.0,240.73502337891748,140.1,240735023.3789175,0.0
2019-11-26,137.41210110545774,234.08496475751875,15.054293323072256,,3.8945131003475697,0.0,l8,,,,,,,0.0289859803921501,1.0,240.76400935930965,140.1,240764009.35930964,0.0
2019-11-30,,,1.770677834,,0.4581599507415572,0.0,s2,237.7884178,146.9168133,237.9666539,,,,0.0289859803921643,4.0,240.87995328087828,140.1,240879953.28087828,0.0
2019-12-05,,,33.72618201,,8.724617227723224,0.0,s2,208.7181044,144.1191711,239.4036011,,,,-0.0024005751633978,5.0,240.8679504050613,140.1,240867950.4050613,0.0
2019-12-10,,,1.475581031,,0.3817207066295711,0.0,s2,228.9645611,156.1202423,228.9826086,,,,-0.1279467973856185,5.0,240.2282164181332,140.1,240228216.4181332,0.0
2019-12-12,41.03154565325927,304.5100405792347,41.02187129529106,,10.611937185589383,0.0,l8,,,,,,,-0.1279467973856185,2.0,239.972322823362,140.1,239972322.823362,0.0
2019-12-15,,,1.441027277,,0.3727900798169358,0.0,s2,233.9796637,151.1312467,234.0015509,,,,-0.1279467973856185,3.0,239.5884824312051,140.1,239588482.4312051,0.0
2019-12-20,,,114.6639169,,29.66585822734958,0.0,s2,60.75789487,211.0963062,157.7961364,,,,-0.097834980392156,5.0,239.09930752924436,140.1,239099307.52924436,0.0
2019-12-25,,,1.579483415,,0.4088508147518266,0.0,s2,218.0762715,166.6669227,218.3815666,,,,-0.0903070261437846,5.0,238.6477723985254,140.1,238647772.39852542,0.0
2019-12-28,236.9233127251105,147.9446507392262,1.6954940634478926,236.95960060712963,0.4386069170353556,0.0,l8,,,,236.95960060712963,236.95960060712963,-0.0330510260689166,-0.0903070261437903,3.0,236.95960060712963,140.09740474992267,236959600.60712963,-617160.0357834651
2019-12-30,,,2.722540686,,0.7042961376052453,0.0,s2,217.0425313,166.79685,218.0066026,,,,-0.2004992156862926,2.0,236.55860217575704,140.0716446793848,236558602.17575705,-6098931.152326453
2020-01-04,,,44.44173781,,11.496621562800032,0.0,s2,176.2476091,165.8741106,215.0070916,,,,-0.1654969803921574,5.0,235.73111727379623,140.01848719103617,235731117.27379623,-12552867.629409017
2020-01-09,,,1.50403059,,0.3891364219051951,0.0,s2,223.9961642,161.0045129,224.0779485,,,,-0.1421621568627472,5.0,235.0203064894825,139.97282482801816,235020306.4894825,-10747811.201562043
2020-01-13,233.7184659339803,149.21937890883407,3.618691963473737,234.9477365767528,0.936135239975813,0.0,l8,,,,234.9477365767528,234.9477365767528,-0.1257415018985526,-0.1421621568627458,4.0,234.9477365767528,139.96816294925608,234947736.57675278,-1095467.019413082
2020-01-14,,,2.744029853,,0.7098523670809288,0.0,s2,235.9176725,147.9017551,237.1356625,,,,-0.3025749019607815,1.0,234.645161674792,139.94872558938707,234645161.67479202,-4563823.077624814
2020-01-19,,,1.428767558,,0.369607874326478,0.0,s2,236.7363507,148.397955,236.747102,,,,-0.3025749019607872,5.0,233.13228716498807,139.85153879004207,233132287.16498807,-22730896.529252965
2020-01-24,,,1.436131493,,0.371512481369506,0.0,s2,217.3247301,167.8025959,217.3270337,,,,-0.3025749019607815,5.0,231.61941265518416,139.78420917011522,231619412.65518415,-15645777.654625313
2020-01-29,0.0,0.0,386.563457527785,,100.52007021490218,1.0,l8,,,,,,,-0.3874162614379088,5.0,229.68233134799465,139.7411629188443,229682331.34799466,-9928655.392034559
2020-02-03,,,1.450763284,,0.3752975754788591,0.0,s2,233.8724622,151.2402321,233.8928125,,,,-0.408626601307185,5.0,227.6391983414587,139.68860885620649,227639198.3414587,-12017052.158462618
2020-02-08,,,1.464675025,,0.3788964001868376,0.0,s2,232.4364163,152.6623662,232.4606078,,,,-0.4078635163398701,5.0,225.59988075975932,139.56685855282146,225599880.7597593,-27590997.69326195
2020-02-13,,,386.4401232,,100.52023706145768,1.0,s2,0.0,0.0,155.4283577,,,,-0.4067188888888836,5.0,223.56628631531493,139.47381909212936,223566286.31531492,-20895088.97290062
2020-02-14,60.45439323095081,65.47548971662162,259.75507033979494,,67.34902881893238,0.0,l8,,,,,,,-0.4067188888888893,1.0,223.15956742642604,139.4621652557715,223159567.42642602,-2603034.998163839
2020-02-18,,,1.489616349,,0.3853568860854637,0.0,s2,78.37806411,306.6873294,78.3961076,,,,-0.4067188888888893,4.0,221.53269187087048,139.41554991034013,221532691.87087047,-10364741.638901453
2020-02-23,,,1.51065691,,0.3907914419381271,0.0,s2,225.6448696,159.4079311,225.7047758,,,,-0.4050686601307234,5.0,219.5073485702169,139.3575171510091,219507348.5702169,-12797385.261135207
2020-02-28,,,1.532696492,,0.3965109784313718,0.0,s2,223.0595605,161.9535325,223.1482728,,,,-0.4050686601307234,5.0,217.48200526956325,139.29876748421668,217482005.26956326,-12836489.464958504
2020-03-01,211.00227255563848,157.38706395321165,18.174121018934667,218.87660929941288,4.7014586260079625,0.0,l8,,,,218.87660929941288,218.87660929941288,-0.3348151516112481,-0.4050686601307234,2.0,218.87660929941288,139.33944439253332,218876609.29941288,8874859.678999353
2020-03-04,,,8.582371739,,2.220171506373719,0.0,s2,69.05489433,308.9261915,74.8499128,,,,-0.4763677124183043,3.0,217.447506162158,139.29640453165467,217447506.16215798,-9389664.613733105
2020-03-09,,,358.5253772,,100.56096988542784,1.0,s2,0.0,0.0,146.6854181,,,,-0.4763677124183004,5.0,215.0656676000665,139.13326490411413,215065667.60006648,-35280019.03697416
2020-03-14,,,15.89243572,,4.11121005124437,0.0,s2,209.7411465,160.9298753,218.5209234,,,,-0.4735936143790866,5.0,212.69769952817103,139.05185932297113,212697699.52817103,-17411162.746380817
2020-03-17,127.89829712771429,177.08433008978184,81.58083031028872,,21.104123714131717,0.0,l8,,,,,,,-0.4624972222222159,3.0,211.3102078615044,139.01637360259602,211310207.8615044,-7523113.019232073
2020-03-19,,,8.238360347,,2.1311792897882813,0.0,s2,211.948472,166.3766251,216.3157479,,,,-0.4624972222222254,2.0,210.38521341705996,138.9802231539625,210385213.41705996,-7622239.332960802
2020-03-24,,,4.171733018,,1.0791845263350448,0.0,s2,201.7590099,180.6327146,202.8365956,,,,-0.462497222222214,5.0,208.0727273059489,138.8196338406909,208072727.30594888,-33599936.66687806
2020-03-29,,,30.66439252,,7.932571586995785,0.0,s2,201.7968839,154.1017969,208.2255311,,,,-0.3077555751633952,5.0,206.53394943013188,138.71277426598138,206533949.43013188,-22152346.573871966
2020-04-02,151.6920588503272,173.77028450626153,61.09592652416271,,15.805101399851068,0.0,l8,,,,,,,-0.2690701633986947,4.0,205.4576687765371,138.65775946871182,205457668.7765371,-11332817.676199762
2020-04-03,,,9.883340374,,2.556723828187467,0.0,s2,46.48386817,330.1954802,49.86872302,,,,-0.2690701633986805,1.0,205.1885986131384,138.64502241955685,205188598.6131384,-2615210.8465224137
2020-04-08,,,1.842449807,,0.4766247550080851,0.0,s2,50.22436509,334.4951057,50.60610582,,,,-0.096170673202613,5.0,204.70774524712536,138.62226013004144,204707745.24712536,-4665089.625128241
2020-04-13,,,20.75962962,,5.370303171744043,0.0,s2,191.7192526,174.0845753,203.4070949,,,,0.1631785620914968,5.0,205.52363805758284,138.66088227491517,205523638.05758286,7922007.958872017
2020-04-18,0.0,0.0,386.563457527785,,100.52007021490218,1.0,l8,,,,,,,0.1631785620915025,5.0,206.3395308680404,138.6995044197889,206339530.8680404,7953519.489198941
2020-04-23,,,72.46482767,,18.745907366807398,0.0,s2,161.5340301,152.5645998,196.9879526,,,,-0.4204219934640548,5.0,204.23742090072008,138.59999625565538,204237420.9007201,-20427879.35302112
2020-04-28,,,131.2453059,,33.9518139466749,0.0,s2,97.19643397,158.1217177,174.5533196,,,,-0.4204219934640491,5.0,202.13531093339984,138.50048809152187,202135310.93339983,-20218702.249366324
2020-05-03,,,17.77043031,,4.597046241011691,0.0,s2,77.93646541,290.8550264,88.83678539,,,,-0.3461070718954261,5.0,200.4047755739227,138.41856925793718,200404775.5739227,-16487807.17888095
2020-05-04,0.0,0.0,386.563457527785,,100.52007021490218,1.0,l8,,,,,,,-0.2965637908496887,1.0,200.10821178307305,138.4045307352934,200108211.78307304,-2811305.321068161
2020-05-08,,,5.177388248,,1.3393372153106973,0.0,s2,64.43859682,316.9474725,66.42273843,,,,-0.2965637908496674,4.0,198.92195661967435,138.34837664471831,198921956.61967435,-11203588.109340983
2020-05-13,,,386.5634575,,100.52007021493976,1.0,s2,0.0,0.0,110.847573965,,,,-0.353979261437911,5.0,197.1520603124848,138.2707407457207,197152060.3124848,-15374781.187062014
2020-05-18,,,183.1951481,,47.39070507500456,0.0,s2,90.63214646,112.736163,155.2724095,,,,-0.583641143790851,5.0,194.2338545935305,138.15658110879338,194233854.5935305,-22340236.972069986
2020-05-20,66.13726860130161,102.33546828860752,217.89031529253904,183.45513771378936,56.39522569814646,0.0,l8,,,,183.45513771378936,183.45513771378936,-0.442768394820294,-0.5836411437908424,2.0,183.45513771378936,137.7349198127644,183455137.71378934,-79628414.9960932
2020-05-23,,,327.4464498,,84.70703668559942,0.0,s2,36.11303847,23.00396928,182.7293809,,,,-0.5836411437908472,3.0,181.7042142824168,137.666424030608,181704214.28241682,-12505937.713350309
2020-05-28,,,182.2698557,,47.151341433952055,0.0,s2,107.7511898,96.54241199,187.5660365,,,,-0.0541516274509831,5.0,181.4334561451619,137.65583202523862,181433456.1451619,-1923178.0774956397
2020-06-02,,,386.5634575,,100.52007021493976,1.0,s2,0.0,0.0,185.69024355,,,,0.0782207516339838,5.0,181.82455990333185,137.6711319277587,181824559.90333185,2778906.117587982
2020-06-05,152.8381502722371,169.0924958973498,64.61119973832506,181.91419010530595,16.71518890446799,0.0,l8,,,,181.91419010530595,181.91419010530595,-0.0963092255302129,0.0782207516339876,3.0,181.91419010530595,137.67463824372834,181914190.10530594,637691.4939669807
2020-06-07,,,97.21668691,,25.14895938074672,0.0,s2,131.3323715,158.0143991,183.8144506,,,,-0.2336666993464149,2.0,181.44685670661312,137.65635625258145,181446856.70661312,-3321481.7204705575
2020-06-12,,,13.52723905,,3.499361420006025,0.0,s2,75.14068422,297.89515,83.50452913,,,,-0.2336666993464064,5.0,180.2785232098811,137.61065127471417,180278523.2098811,-8266325.241557326
2020-06-17,,,386.5634575,,100.52007021493976,1.0,s2,0.0,0.0,117.258601565,,,,-0.2336666993464064,5.0,179.11018971314903,137.5649462968469,179110189.71314904,-8212926.584947593
2020-06-21,34.85986185662841,114.7825891305987,236.6841845514668,,61.26530318610684,0.0,l8,,,,,,,-0.0875763725490159,4.0,178.759884222953,137.55124241458984,178759884.222953,-2452104.6782731446
2020-06-22,,,224.0529949,,57.96021080730837,0.0,s2,45.17345415,117.3370085,151.012674,,,,-0.087576372549023,1.0,178.67230785040397,137.54781644402559,178672307.85040396,-612276.0843795514
2020-06-27,,,77.72129398,,20.10602081745457,0.0,s2,129.0978507,179.7381691,158.1118629,,,,-0.0875763725490173,5.0,178.23442598765888,137.53068659120427,178234425.9876589,-3056879.9107907484
2020-07-02,,,382.436175,,100.52571236160703,1.0,s2,0.0,0.0,174.30179750000002,,,,0.8040190196078469,5.0,182.2545210856981,137.68795192511288,182254521.0856981,28346207.31592766
2020-07-07,40.343363056942685,111.90062505439208,234.2806244715028,,60.61208441708048,0.0,l8,,,,,,,0.2735735947712442,5.0,183.62238905955437,137.7414626526965,183622389.05955437,9789169.833958507
2020-07-12,,,69.74160525,,18.04147354662628,0.0,s2,132.9518488,183.8692348,186.2976572,,,,0.2735735947712442,5.0,184.99025703341056,137.7949733802801,184990257.03341055,9862365.444477875
2020-07-17,,,104.0272231,,26.9108019583825,0.0,s2,109.6169928,172.9188574,159.8377475,,,,0.115361006535943,5.0,185.56706206609027,137.81753788033606,185567062.0660903,4180720.3237766037
2020-07-22,,,386.5634575,,100.0,2.0,s2,0.0,0.0,172.3788176,,,,0.0098859477124165,5.0,185.6164918046524,137.8194715620402,185616491.80465242,358875.4234996642
2020-07-23,63.75678425477413,167.7371074293453,155.04551538003057,189.2170435775891,40.11117949334962,0.0,l8,,,,189.2170435775891,189.2170435775891,0.1521427806725655,0.0098859477124335,1.0,189.2170435775891,137.9603244431331,189217043.5775891,26398191.69440988
2020-07-27,,,358.1792069,,100.56151509163236,1.0,s2,0.0,0.0,184.9198877,,,,0.0299984477124155,4.0,189.3370373684388,137.96501857676046,189337037.3684388,888491.7205729913
2020-08-01,,,319.4737568,,82.64458282226919,0.0,s2,9.481252137,57.60844857,197.4609578,,,,0.0903359477124183,5.0,189.78871710700085,137.9826881997849,189788717.10700086,3349504.580217145
2020-08-06,,,365.4371003,,100.55030155103844,1.0,s2,0.0,0.0,191.5133457,,,,0.0903359477124183,5.0,190.2403968455629,138.00035782280932,190240396.8455629,3357485.5909253103
2020-08-08,10.091394874633789,30.55525544113095,345.87017506571897,,89.48386004266504,0.0,l8,,,,,,,0.2948473366013076,2.0,190.8300915187656,138.0234265630813,190830091.5187656,4395408.06069681
2020-08-11,,,85.76651508,,22.18821791072844,0.0,s2,144.6791837,156.0951015,185.5657336,,,,0.4993587254901968,3.0,192.32816769523612,138.0820310100826,192328167.69523612,11227388.947608808
2020-08-16,,,386.5634575,,100.52007021493976,1.0,s2,0.0,0.0,188.5624848,,,,0.4993587254901968,5.0,194.82496132268716,138.17970508841807,194824961.32268715,18907412.525760025
2020-08-21,,,274.5035985,,71.01126430009201,0.0,s2,61.1171871,50.94267191,191.559236,,,,0.420929261437908,5.0,196.92960762987667,138.2620384402886,196929607.62987667,16127233.386227064
2020-08-24,17.58595370839078,38.84019922348827,330.11712013033,201.2419700079932,85.4023709984993,0.0,l8,,,,201.2419700079932,201.2419700079932,0.3757789509501279,0.3032850653594702,3.0,201.2419700079932,138.458199763692,201241970.0079932,39052931.80553246
2020-08-26,,,72.74595443,,18.818631976964458,0.0,s2,158.1472453,155.6702578,196.477395,,,,0.3032850653594749,2.0,201.8485401387121,138.48691314266094,201848540.1387121,5787045.288313835
2020-08-31,,,312.8806031,,80.93900161059743,0.0,s2,35.24203435,38.44082006,199.0097867,,,,0.3032850653594721,5.0,203.3649654655095,138.5586965900833,203364965.4655095,14543811.187182976
2020-09-05,,,178.3222262,,46.13013017384264,0.0,s2,109.6518622,98.58936921,198.0118164,,,,1.255652124183007,5.0,209.64322608642453,138.9286962560017,209643226.08642453,76406446.4478919
2020-09-09,110.17158225874644,120.6231657017127,154.85122973791974,,40.1537261355885,0.0,l8,,,,,,,1.2556521241830083,4.0,214.66583458315657,139.10587908103813,214665834.58315656,37590139.028994136
2020-09-10,,,386.5634575,,100.52007021493976,1.0,s2,0.0,0.0,199.4773848,,,,1.2556521241830296,1.0,215.9214867073396,139.19188265118765,215921486.70733958,18516023.446052525
2020-09-15,,,210.5387884,,54.46427838846218,0.0,s2,96.39511636,79.62916856,200.9429532,,,,0.915289163398694,5.0,220.49793252433307,139.38590064539636,220497932.52433306,42336610.176528975
2020-09-20,,,386.5634575,,100.52007021493976,1.0,s2,0.0,0.0,209.43826655,,,,0.6883805228758206,5.0,223.93983513871217,139.48452249681125,223939835.13871217,21915637.742815174
2020-09-25,,,101.6906613,,26.30690544776981,0.0,s2,163.6055884,121.2587615,217.9335799,,,,0.5970333986928097,5.0,226.92500213217625,139.6459702765478,226925002.13217625,36395563.469335705
2020-09-30,,,386.5634575,,100.52007021493976,1.0,s2,0.0,0.0,219.258902,,,,0.231644901960783,5.0,228.08322664198013,139.70562725871065,228083226.64198014,13572208.893961497
2020-10-05,,,220.1109968,,56.94045634854759,0.0,s2,96.55724167,69.89521907,220.5842241,,,,0.231644901960783,5.0,229.24145115178405,139.73136558115075,229241451.15178406,5885385.008436589
2020-10-10,,,386.5634575,,100.52007021493976,1.0,s2,0.0,0.0,223.3083354166667,,,,0.2719098431372572,5.0,230.60100036747036,139.76157778594379,230601000.36747035,6946427.158914597
2020-10-11,0.0,0.0,386.563457527785,,100.0,2.0,l8,,,,,,,0.28197607843137,1.0,230.8829764459017,139.76784392102005,230882976.4459017,1445860.4671210248
2020-10-15,,,386.5634575,,100.52007021493976,1.0,s2,0.0,0.0,226.03244673333333,,,,0.2819760784313772,4.0,232.0108807596272,139.79290846132506,232010880.75962722,5801110.870434771
2020-10-20,,,386.5634575,,100.52007021493976,1.0,s2,0.0,0.0,228.75655805,,,,0.2871709150326808,5.0,233.44673533479065,139.87173888660325,233446735.33479065,18346110.91284968
2020-10-25,,,386.3153016,,100.52040602902709,1.0,s2,0.0,0.0,231.48066936666663,,,,0.2949631699346412,5.0,234.92155118446385,139.96648080414116,234921551.18446386,22187054.789387953
2020-10-27,38.137785829989326,59.35229025543978,285.0721984176466,,74.51654734851664,0.0,l8,,,,,,,0.2949631699346469,2.0,235.51147752433312,140.0043775711563,235511477.52433312,8913945.442605576
2020-10-30,,,386.5634575,,100.52007021493976,1.0,s2,0.0,0.0,234.20478068333333,,,,0.2949631699346374,3.0,236.39636703413703,140.06122272167903,236396367.03413704,13412836.228389002
2020-11-04,,,8.665640099,,2.2417121771067605,0.0,s2,230.3183316,147.5794858,236.928892,,,,0.0421999999999968,5.0,236.607367034137,140.07477732553343,236607367.034137,3205689.1184742074
2020-11-09,,,386.5634575,,100.52007021493976,1.0,s2,0.0,0.0,201.05787685,,,,0.0421999999999968,5.0,236.818367034137,140.0883319293878,236818367.034137,3208549.1398807582
2020-11-12,94.68053592653736,67.01919277730755,224.66337648348588,233.8281892818544,58.14824797376973,0.0,l8,,,,233.8281892818544,233.8281892818544,0.4073277409232652,0.0199636165577317,3.0,233.8281892818544,139.8962434228172,233828189.28185442,-45202897.06266701
2020-11-14,,,278.628267,,72.07827371296953,0.0,s2,13.03132759,94.90386295,165.1868617,,,,-0.0245091503267929,2.0,233.7791709812008,139.89309449558036,233779170.98120078,-736230.7764420122
2020-11-19,,,16.67538891,,4.313760583750654,0.0,s2,175.6035447,194.2837554,187.0397054,,,,-0.0245091503267985,5.0,233.65662522956683,139.88522217748823,233656625.22956684,-1839901.6377086393
2020-11-24,,,10.10661416,,2.616299043844279,0.0,s2,206.9618548,169.2258342,208.002498,,,,-0.0381630849673172,5.0,233.46580980473024,139.8729642272846,233465809.80473024,-2862981.7738251192
2020-11-28,100.82599311737636,246.80635018664293,38.854350562725664,,10.053218177835143,0.0,l8,,,,,,,-0.0927788235294144,4.0,233.09469451061256,139.84912384436484,233094694.51061255,-5561490.539056585
2020-11-29,,,242.7918282,,62.807754712230974,0.0,s2,34.08279401,109.6888353,180.8879245,,,,-0.0927788235294428,1.0,233.00191568708317,139.8431637486349,233001915.68708315,-1388990.2080876243
2020-12-04,,,375.8288716,,100.53500415616372,1.0,s2,0.0,0.0,180.1490034,,,,-0.0927788235294144,5.0,232.53802156943607,139.8133632699852,232538021.56943607,-6936656.480402164
2020-12-09,,,83.18113178,,21.52967328888525,0.0,s2,105.4347245,197.7398987,179.4100823,,,,-0.1878152679738548,5.0,231.5989452295668,139.78375433843482,231598945.22956678,-6871299.839974177
2020-12-14,,,61.05046627,,15.794840117275076,0.0,s2,129.6125031,195.858615,164.8102741,,,,-0.2115743790849649,5.0,230.541073334142,139.76024607409204,230541073.334142,-5432054.859886506
2020-12-19,,,75.47743172,,19.525237125160736,0.0,s2,139.3823348,171.703691,208.8361513,,,,-0.2082823790849658,5.0,229.49966143871717,139.73710358752703,229499661.43871716,-5323243.261918409
2020-12-24,,,105.0682064,,27.18006691189532,0.0,s2,70.40261228,211.0926388,144.1377621,,,,-0.2033443790849617,5.0,228.48293954329236,139.7145097676287,228482939.54329237,-5173788.201578785
2020-12-29,,,2.044871215,,0.5289872011225129,0.0,s2,216.0922977,168.4262887,216.3117679,,,,-0.2033443790849673,5.0,227.4662176478675,139.67828165061894,227466217.6478675,-8259089.708610493
2020-12-30,26.59926507116699,354.89496679974934,5.0597198116536735,,1.3089297857724682,0.0,l8,,,,,,,-0.0696916078431399,1.0,227.3965260400244,139.67412095761338,227396526.0400244,-946272.1180758676
2021-01-03,,,1.751840392,,0.4531831339963301,0.0,s2,231.0355217,153.7760955,231.1424291,,,,-0.0696916078431542,4.0,227.1177596086517,139.65747818559115,227117759.6086517,-3782188.8184504784
2021-01-08,,,45.7139411,,11.835953359084852,0.0,s2,156.9615617,183.5539771,182.6696959,,,,-0.1801880392156817,5.0,226.21681941257333,139.6036907111984,226216819.41257334,-12191861.03022587
2021-01-13,,,11.1941308,,2.895956398157951,0.0,s2,219.4396285,155.9097262,228.5106946,,,,-0.1801880392156817,5.0,225.3158792164949,139.54990323680568,225315879.2164949,-12143401.732493488
2021-01-15,15.87021052984619,247.45327399676384,123.23997300117496,,31.880916470827263,0.0,l8,,,,,,,-0.1801880392156789,2.0,224.9555031380636,139.52838824704858,224955503.13806358,-4843792.089635412
2021-01-18,,,1.658767201,,0.4292169225048119,0.0,s2,211.8777456,172.9270943,212.0208527,,,,-0.2530279411764695,3.0,224.19641931453413,139.4918744789265,224196419.31453413,-8200114.5740128895
2021-01-23,,,3.877266672,,1.0030778526783608,0.0,s2,196.2376533,186.4220434,198.1923486,,,,-0.2530279411764639,5.0,222.93127960865183,139.4556240575545,222931279.60865185,-8104283.746526605
2021-01-28,,,2.674042296,,0.6917507388787136,0.0,s2,210.6933809,173.1941149,211.2570522,,,,-0.2245758300653619,5.0,221.80840045832505,139.42344986986606,221808400.45832506,-7154568.969485897
2021-01-31,227.2639810396463,157.44715869448265,1.8523177936558128,227.6718965745584,0.4791756068982994,0.0,l8,,,,227.6718965745584,227.6718965745584,-0.0769536588412002,-0.1107673856209222,3.0,227.6718965745584,139.69056098952586,227671896.57455838,60030592.70273692
2021-02-02,,,40.40228981,,10.45165781324657,0.0,s2,184.782464,161.3787037,219.6322934,,,,-0.1107673856209174,2.0,227.45036180331653,139.6773350330338,227450361.80331653,-3009713.593934718
2021-02-07,,,29.60099995,,7.657474955757105,0.0,s2,201.6556436,155.306814,225.4051468,,,,-0.1107673856209203,5.0,226.89652487521195,139.6442701418037,226896524.87521195,-7511465.194382664
2021-02-12,,,46.93671419,,12.14204635243211,0.0,s2,189.9333369,149.6934064,224.8080293,,,,-0.1948751503267942,5.0,225.922149123578,139.586098455139,225922149.123578,-13170613.009892873
2021-02-16,162.9191665000675,193.91930704579696,29.72498398192042,,7.689548353075741,0.0,l8,,,,,,,-0.215902091503267,4.0,225.0585407575649,139.5345397467203,225058540.7575649,-11625990.946022138
2021-02-17,,,1.589598072,,0.4112245572237153,0.0,s2,211.5774281,173.3852952,211.6307506,,,,-0.215902091503267,1.0,224.84263866606165,139.52165006961562,224842638.66606164,-2899540.4658928807
2021-02-22,,,1.534133642,,0.3968823668983894,0.0,s2,220.965089,164.0469608,221.0399612,,,,-0.2706627712418253,5.0,223.4893248098525,139.47161389139978,223489324.80985248,-11216409.012167724
2021-02-27,,,1.641386728,,0.4246099045190238,0.0,s2,73.92924422,310.9928266,73.95227739,,,,-0.3528037908496685,5.0,221.72530585560415,139.42106893569067,221725305.85560414,-11251676.894017525
2021-03-04,,,7.428910888,,1.9217849301568597,0.0,s2,216.2991231,162.8350393,220.8602488,,,,-0.3528037908496742,5.0,219.9612869013558,139.37052397998156,219961286.9013558,-11162514.634105004
2021-03-09,,,1.692078206,,0.437724574774213,0.0,s2,78.22996494,306.6402619,78.26643363,,,,-0.3915198692810463,5.0,218.00368755495057,139.31443230816478,218003687.55495057,-12283093.8072223
2021-03-14,,,1.529409529,,0.3956433379724756,0.0,s2,217.4312995,167.6019807,217.5134776,,,,-0.3915198692810463,5.0,216.0460882085453,139.2004170005853,216046088.20854533,-24744159.344239336
2021-03-19,,,3.781053593,,0.97811976784393,0.0,s2,155.5317215,227.2506824,155.5585986,,,,-0.3915167712418281,5.0,214.0885043523362,139.08742977883213,214088504.3523362,-24299856.296693444
2021-03-20,160.01600592686313,152.18362097596685,74.35605201265007,,19.23553476727163,0.0,l8,,,,,,,-0.391514705882372,1.0,213.69698964645383,139.0774166149988,213696989.64645383,-2141743.118464012
2021-03-24,,,378.5557118,,100.531129906499,1.0,s2,0.0,0.0,180.0156157,,,,-0.3915147058823578,4.0,212.1309308229244,139.03736395966558,212130930.8229244,-8527769.464912402
2021-03-29,,,45.02891964,,11.648519479363646,0.0,s2,164.9308961,176.6036417,204.4726328,,,,-0.4004319281045809,5.0,210.1287711824015,138.96241466544456,210128771.1824015,-15824033.321640419
2021-04-03,,,6.585985833,,1.7037286509489142,0.0,s2,45.49810432,334.4789831,47.51778668,,,,-0.4361008169934564,5.0,207.9482670974342,138.81099077065514,207948267.09743422,-31653426.72917847
2021-04-05,164.44968014520907,158.01226627387138,63.990962611573096,203.5315263115909,16.55854079920959,0.0,l8,,,,203.5315263115909,203.5315263115909,-0.3771932853588668,-0.4361008169934735,2.0,203.5315263115909,138.5665811271759,203531526.3115909,-50284814.80300352
2021-04-08,,,74.91797207,,19.380510651215808,0.0,s2,57.66820731,253.9772782,106.299811,,,,-0.4361008169934545,3.0,202.22322386061052,138.5046496502064,202223223.8606105,-12564495.48277851
2021-04-13,,,173.6816339,,44.929656565909696,0.0,s2,127.8094276,85.07239608,196.5048183,,,,-0.3656512745098041,5.0,200.39496748806152,138.41810496984908,200394967.48806152,-17422231.338156693
2021-04-18,,,386.5634575,,100.52007021493976,1.0,s2,0.0,0.0,196.38372115,,,,-0.3480388888888853,5.0,198.6547730436171,138.335728901473,198654773.0436171,-16436074.355746899
2021-04-21,13.318403824401855,39.71028432742992,333.4863530967174,206.7514583321952,86.28030412981222,0.0,l8,,,,206.7514583321952,206.7514583321952,0.2012457512877681,-0.3480388888888892,3.0,206.7514583321952,138.72787905084687,206751458.3321952,79490057.09555957
2021-04-23,,,66.35537003,,17.165931121640437,0.0,s2,150.8473331,169.3499957,196.262624,,,,0.030148986928097,2.0,206.8117563060514,138.73206641014244,206811756.3060514,865868.8855608461
2021-04-28,,,175.9849595,,45.52550326333602,0.0,s2,75.01529639,135.5632017,197.9587655,,,,0.0301489869281056,5.0,206.96250124069192,138.74253480838138,206962501.24069193,2165776.854510878
2021-05-03,,,28.22124081,,7.300545424490867,0.0,s2,170.8668051,187.4754116,188.732652,,,,0.0301489869280999,5.0,207.1132461753324,138.7530032066203,207113246.1753324,2167354.912513314
2021-05-07,178.9244264001649,187.95786654362425,19.68116458399558,196.2412213720277,5.091315332769387,0.0,l8,,,,196.2412213720277,196.2412213720277,-0.656889810010469,-0.1591298039215729,4.0,196.2412213720277,138.2351089045292,196241221.3720277,-104447490.23288234
2021-05-08,,,386.5634575,,100.52007021493976,1.0,s2,0.0,0.0,191.26379885,,,,-0.1591298039215587,1.0,196.0820915681061,138.22888377772543,196082091.5681061,-1221131.1855637077
2021-05-13,,,114.9330304,,29.731995650485928,0.0,s2,109.5256182,162.104809,193.7949457,,,,-0.1591298039215757,5.0,195.28644254849823,138.19775814370655,195286442.54849824,-6090796.879709037
2021-05-18,,,357.3151137,,100.562880643937,1.0,s2,0.0,0.0,194.2531588,,,,0.1493713333333346,5.0,196.03329921516493,138.2269750304221,196033299.21516493,5716572.282332703
2021-05-23,46.80418559230837,177.46562756507126,161.92300856852543,,41.92802130419918,0.0,l8,,,,,,,0.355038758169934,5.0,197.8084930060146,138.29642026429397,197808493.00601462,13675217.684659055
2021-05-28,,,386.5634575,,100.52007021493976,1.0,s2,0.0,0.0,195.169585,,,,0.2520227124183066,5.0,199.06860656810613,138.35531865411153,199068606.56810614,11687711.060188979
2021-06-02,,,27.71266573,,7.168982269321022,0.0,s2,186.4676324,172.3831594,195.6277981,,,,-0.1600414705882372,5.0,198.26839921516492,138.3174390161025,198268399.21516493,-7525490.973331226
2021-06-07,,,386.5634575,,100.52007021493976,1.0,s2,0.0,0.0,195.6181223,,,,-0.1600414705882315,5.0,197.4681918622238,138.28310775011147,197468191.8622238,-6793069.085330296
2021-06-08,0.0,0.0,386.563457527785,,100.52007021490218,1.0,l8,,,,,,,-0.1600414705882258,1.0,197.3081503916356,138.276846959086,197308150.3916356,-1235806.090327906
2021-06-12,,,386.5634575,,100.52007021493976,1.0,s2,0.0,0.0,195.6084465,,,,-0.0163996078431409,4.0,197.242551960263,138.2742807612817,197242551.960263,-506247.57303003693
2021-06-17,,,386.4924325,,100.52016628441704,1.0,s2,0.0,0.0,195.5987707,,,,-0.0163996078431466,5.0,197.16055392104727,138.2710730140263,197160553.92104727,-632572.7402008299
2021-06-22,,,53.2100468,,13.764893125272998,0.0,s2,168.900422,164.4529888,195.5890949,,,,-0.0015938300653601,5.0,197.15258477072047,138.2707612624243,197152584.77072045,-61463.87634368492
2021-06-24,67.91931474481824,107.4632694781842,211.1653188711888,197.2327260381532,54.62849938671988,0.0,l8,,,,197.2327260381532,197.2327260381532,0.020656347210948,0.020614836601311,2.0,197.2327260381532,138.2738963731307,197232726.0381532,618220.8051838095
2021-06-27,,,114.1237175,,29.5226347075182,0.0,s2,119.6073843,152.8323558,193.1479173,,,,0.0206148366013205,3.0,197.2945705479572,138.2763157182575,197294570.54795718,477248.8461946462
2021-07-02,,,59.91286551,,15.498843552342272,0.0,s2,183.654782,142.99581,197.7145802,,,,0.020614836601311,5.0,197.3976447309637,138.28034796013551,197397644.73096368,795747.2396856833
2021-07-07,,,5.386500866,,1.3935848022404016,0.0,s2,193.5802385,187.5544725,195.8955799,,,,-0.1615004901960787,5.0,196.59014227998333,138.24875862219986,196590142.2799833,-6222906.6732051615
2021-07-10,74.25756927785022,83.93236414957224,228.1108524567465,192.23106147688583,59.050061711535015,0.0,l8,,,,192.23106147688583,192.23106147688583,-0.312604035079211,-0.1615004901960806,3.0,192.23106147688583,138.07823223381462,192231061.47688583,-33152137.802130405
2021-07-12,,,386.3585806,,100.52034743100516,1.0,s2,0.0,0.0,193.39697145,,,,-0.1615004901960759,2.0,191.90806049649368,138.06559649864036,191908060.49649367,-2426940.1076636114
2021-07-17,,,176.9114991,,45.76518955903818,0.0,s2,125.7230254,83.92893302,190.898363,,,,-0.1262233333333313,5.0,191.27694382982705,138.04090733808616,191276943.82982704,-4730258.046887795
2021-07-22,,,315.2345395,,81.54794080607064,0.0,s2,42.60196714,28.72695086,187.6429252,,,,-0.1027052287581682,5.0,190.76341768603615,138.02081829578626,190763417.68603614,-3837412.491380811
2021-07-26,77.622578382088,127.16199986511911,180.8417562959159,188.8563888661293,46.8955929864518,0.0,l8,,,,188.8563888661293,188.8563888661293,-0.2109170381722833,-0.1027052287581682,4.0,188.8563888661293,137.94621570136448,188856388.86612928,-14160311.231342187
2021-07-27,,,378.2377803,,100.5315787261995,1.0,s2,0.0,0.0,190.825588725,,,,0.1030399999999929,1.0,188.9594288661293,137.95024660600996,188959428.86612928,761469.7674154815
2021-08-01,,,381.2952107,,100.52729376580024,1.0,s2,0.0,0.0,194.00825225,,,,0.1030400000000042,5.0,189.4746288661293,137.97040112923733,189474628.8661293,3813579.003297454
2021-08-06,,,382.3593273,,100.52581857639645,1.0,s2,0.0,0.0,197.190915775,,,,0.1030399999999986,5.0,189.9898288661293,137.99055565246474,189989828.8661293,3823962.6136695915
2021-08-11,,,162.5044397,,42.038231116239714,0.0,s2,95.82934216,128.2296757,200.3735793,,,,0.4141535424836547,5.0,192.0605965785476,138.07156368033438,192060596.5785476,15474575.756015718
2021-08-16,,,334.0826077,,86.42374263726245,0.0,s2,23.7573193,28.72353057,199.3361959,,,,0.4919319281045716,5.0,194.52025621907043,138.16778508436462,194520256.21907043,18598676.213698253
2021-08-21,,,95.88688309,,24.804952778672952,0.0,s2,146.2165324,144.460042,197.6753672,,,,0.4311092875816939,5.0,196.6758026569789,138.25210963939284,196675802.6569789,16493716.796757651
2021-08-26,,,13.01930327,,3.368438695779501,0.0,s2,195.2209522,178.2682859,199.657731,,,,0.3398753267973916,5.0,198.37517929096583,138.3224936942469,198375179.29096583,13902644.991787154
2021-08-27,37.27284293375316,20.832805414527584,328.3886997836302,198.5359183852628,84.96597721826214,0.0,l8,,,,198.5359183852628,198.5359183852628,0.3024852974729217,0.3398753267973688,1.0,198.5359183852628,138.33010264545624,198535918.3852628,1510038.58833095
2021-08-31,,,386.5634575,,100.52007021493976,1.0,s2,0.0,0.0,201.35997995,,,,0.3398753267973902,4.0,199.89541969245235,138.39445773692083,199895419.69245234,12820542.602175448
2021-09-05,,,218.2496753,,56.458951578139846,0.0,s2,97.35790538,70.95587684,203.0622289,,,,0.7846488562091508,5.0,203.8186639734981,138.58017344253244,203818663.9734981,37488022.95668401
2021-09-10,,,386.5634575,,100.52007021493976,1.0,s2,0.0,0.0,210.7373121,,,,0.7846488562091508,5.0,207.74190825454383,138.79666029545442,207741908.25454384,44548726.5342079
2021-09-12,0.0,0.0,386.563457527785,,100.52007021490218,1.0,l8,,,,,,,0.7846488562091452,2.0,209.31120596696212,138.90563930326127,209311205.96696213,22725017.295308672
2021-09-15,,,386.5634575,,100.52007021493976,1.0,s2,0.0,0.0,218.4123953,,,,0.5374103594771213,3.0,210.9234370453935,139.00648176586685,210923437.04539353,21188748.136772245
2021-09-20,,,334.5665148,,86.54892445216323,0.0,s2,12.23325755,39.76368516,226.0874785,,,,0.537410359477127,5.0,213.61048884277915,139.07520431822965,213610488.84277916,14587527.475817526
2021-09-25,,,386.5634575,,100.52007021493976,1.0,s2,0.0,0.0,224.7129344,,,,0.466349535947711,5.0,215.9422365225177,139.19330387140533,215942236.5225177,25364992.465519022
2021-09-28,67.13891967965998,175.19619714325168,144.02671798877788,,37.27767729930562,0.0,l8,,,,,,,0.1821062418300698,3.0,216.4885552480079,139.23072296219232,216488555.24800792,8090583.528174149
2021-09-30,,,6.110426018,,1.5807045128458566,0.0,s2,221.6432884,158.8097431,223.3383903,,,,0.1821062418300556,2.0,216.852767731668,139.255669022717,216852767.731668,5405079.4354487825
2021-10-05,,,386.5634575,,100.52007021493976,1.0,s2,0.0,0.0,222.2234028,,,,0.1821062418300698,5.0,217.7632989408184,139.3075443822584,217763298.9408184,11272932.360554878
2021-10-10,,,386.5634575,,100.52007021493976,1.0,s2,0.0,0.0,221.1084153,,,,0.6950194705882324,5.0,221.23839629375956,139.40711737231402,221238396.29375955,21856355.71699334
2021-10-14,0.0,0.0,386.563457527785,,100.0,2.0,l8,,,,,,,0.8232477777777802,4.0,224.53138740487063,139.5030679047684,224531387.40487063,21385924.04897579
2021-10-15,,,184.2221967,,47.656486654592754,0.0,s2,109.5621933,92.77829985,219.9934278,,,,0.823247777777766,1.0,225.3546351826484,139.55221702582975,225354635.1826484,11055751.293984242
2021-10-20,,,386.5634575,,100.52007021493976,1.0,s2,0.0,0.0,199.4176871,,,,0.4985652026143782,5.0,227.8474611957203,139.70038802657155,227847461.19572031,33575704.079331696
2021-10-25,,,104.7701452,,27.104578092379143,0.0,s2,115.3531736,166.4170835,178.8419464,,,,0.0115413398692851,5.0,227.90516789506677,139.70167039766815,227905167.89506677,292221.9993744402
2021-10-30,48.22604690552331,119.86416992890294,218.10055449601512,232.9535846845729,56.47482298571007,0.0,l8,,,,232.9535846845729,232.9535846845729,0.5377760359267203,0.0115413398692851,5.0,232.9535846845729,139.84005897331303,232953584.68457288,31888793.171486698
2021-11-04,,,13.36237049,,3.456721876738002,0.0,s2,229.6414949,143.5580556,233.849141,,,,-0.041505457516348,5.0,232.74605739699115,139.8267274559095,232746057.39699113,-3104241.4416170823
2021-11-09,,,368.8988476,,100.54510937090224,1.0,s2,0.0,0.0,218.4340917,,,,-0.0415054575163424,5.0,232.53853010940944,139.81339593850598,232538530.10940942,-3101474.7879643645
2021-11-14,,,386.5411756,,100.52010034995068,1.0,s2,0.0,0.0,203.0190424,,,,-1.382903712418306,5.0,225.6240115473179,139.5682991968548,225624011.5473179,-56147073.05334055
2021-11-15,67.1000971240354,121.3672868384774,197.99935708407097,232.11438137025505,51.23322036661484,0.0,l8,,,,232.11438137025505,232.11438137025505,-0.0524502071448651,-2.277169215686257,1.0,232.11438137025505,139.79520847489457,232114381.37025505,51932544.13400225
2021-11-19,,,250.1462145,,64.71025898266313,0.0,s2,19.32441623,117.0928268,187.6039931,,,,-2.2771692156862717,4.0,223.00570450751,139.4577565761464,223005704.50750998,-76790568.56893794
2021-11-24,,,10.33869209,,2.675993934025587,0.0,s2,217.506669,158.5042475,219.0735313,,,,-1.356686248366009,5.0,216.22227326567992,139.21248447025206,216222273.26567993,-53865185.538072184
2021-11-29,,,386.1537139,,100.5206249289368,1.0,s2,0.0,0.0,208.61748766666668,,,,2.325245620915035,5.0,227.8485013702551,139.7004111415612,227848501.37025508,108336987.44689146
2021-12-01,0.0,0.0,386.563457527785,232.6439812423864,100.52007021490218,1.0,l8,,,,232.6439812423864,232.6439812423864,0.0330999920082089,2.325245620915041,2.0,232.6439812423864,139.82017010122397,232643981.2423864,27574050.325105965
2021-12-04,,,386.5623046,,100.5200717740862,1.0,s2,0.0,0.0,198.1614440333333,,,,2.325245620915032,3.0,239.61971810513148,140.1,239619718.10513148,66076751.59200446
2021-12-09,,,39.2069914,,10.145136273215048,0.0,s2,167.3004161,179.9535561,187.7054004,,,,0.3756705359477109,5.0,241.49807078487004,140.12277534848613,241498070.78487003,5478812.652424322
2021-12-14,,,1.462697973,,0.378402247070719,0.0,s2,189.6820742,195.4010225,189.7097198,,,,-0.1117232352941186,5.0,240.93945460839944,140.1,240939454.60839945,-5493841.381810224
2021-12-17,232.93747812611443,151.2179125051593,2.4028765343893763,233.17358111451773,0.6216078502234185,0.0,l8,,,,233.17358111451773,233.17358111451773,0.0330999920082089,-0.1117232352941168,3.0,233.17358111451773,139.85419150628596,233173581.11451772,-58270505.58061985
2021-12-19,,,1.669698605,,0.4322912009795571,0.0,s2,209.4193718,175.1548784,209.8283798,,,,-0.1174939215686237,2.0,232.93859327138048,139.83909592749768,232938593.27138048,-3518116.526308601
2021-12-24,,,2.317698169,,0.5997571750817192,0.0,s2,215.9430342,168.178691,216.3219524,,,,-0.1174939215686265,5.0,232.35112366353732,139.80135698052703,232351123.66353732,-8779771.976697484
2021-12-29,,,4.107003337,,1.064600654133062,0.0,s2,186.8055603,194.866209,188.4084893,,,,-0.1174939215686265,5.0,231.76365405569425,139.78741453457098,231763654.05569425,-3235447.602876651
2022-01-02,28.7744640894165,264.88272543702254,92.9062680013457,,24.033898236402216,0.0,l8,,,,,,,-0.1037787254902014,4.0,231.3485391537334,139.77818975897185,231348539.1537334,-2136053.0297904797
2022-01-03,,,263.0445373,,68.04834169257713,0.0,s2,64.55647226,58.95438732,233.5632242,,,,-0.3288853267973763,1.0,231.01965382693604,139.77088119615414,231019653.82693604,-1689623.4916557255
2022-01-08,,,322.7044049,,83.48031832736281,0.0,s2,26.19478603,37.66426662,237.0939627,,,,-0.3288853267973877,5.0,229.3752271929491,139.73433838206554,229375227.1929491,-8412062.272224331
2022-01-13,,,1.760971271,,0.4557525475403453,0.0,s2,212.0066422,172.6199735,212.2674033,,,,-0.3288853267973877,5.0,227.73080055896216,139.69407764531115,227730800.55896217,-9201712.726082476
2022-01-18,,,1.689010424,,0.4369887011545932,0.0,s2,210.2109303,174.6112939,210.3150184,,,,-0.2710336405228759,5.0,226.37563235634775,139.61317208097597,226375632.35634774,-18369868.61162494
2022-01-23,,,1.686762025,,0.4364559898891451,0.0,s2,212.2945878,172.4864875,212.4631968,,,,-0.2565707189542479,5.0,225.0927787615765,139.53658380666127,225092778.7615765,-17288593.257561054
2022-01-28,,,41.21546238,,10.662017211357952,0.0,s2,204.6517435,140.6962517,225.5841319,,,,-0.3126855294117604,5.0,223.5293511145177,139.47276077692027,223529351.11451772,-14316211.768776778
2022-02-02,,,107.7247574,,27.86728939437493,0.0,s2,184.5561241,94.28257602,231.4512822,,,,-0.3968577450980433,5.0,221.54506238902752,139.4159043664478,221545062.38902754,-12652666.772477295
2022-02-03,203.8458311217568,154.42531671711802,28.28280473596769,227.6301722930824,7.316651284400391,0.0,l8,,,,227.6301722930824,227.6301722930824,-0.1154876837799025,-0.3968577450980319,1.0,227.6301722930824,139.6880699876467,227630172.29308242,61125028.38721418
2022-02-07,,,7.498586764,,1.9398074539310333,0.0,s2,218.9288371,160.1360337,222.3811747,,,,-0.396857745098039,4.0,226.04274131269025,139.5932979888173,226042741.31269026,-21497744.418588642
2022-02-12,,,14.9931787,,3.878581487490964,0.0,s2,219.0089974,152.5612814,228.5906798,,,,-0.289299248366018,5.0,224.59624507086016,139.50694000423044,224596245.07086018,-19458137.320176344
2022-02-17,,,199.8416373,,51.69698103055442,0.0,s2,136.5653761,50.15644411,215.1894787,,,,-0.2892992483660123,5.0,223.1497488290301,139.4618839206026,223149748.8290301,-10086840.472595371
2022-02-19,0.0,0.0,352.0898032486494,222.33809830590965,100.57128199148934,1.0,l8,,,,222.33809830590965,222.33809830590965,-0.330754624198299,-0.2892992483660208,2.0,222.33809830590965,139.43862745862205,222338098.30590966,-5180235.589842576
2022-02-22,,,273.0664721,,70.63949445016125,0.0,s2,84.72315092,28.77383447,209.2116321,,,,-0.3364903267973791,3.0,221.3286273255175,139.4097027886968,221328627.32551748,-6416456.797854984
2022-02-27,,,1.449164947,,0.3748841021331678,0.0,s2,223.6475848,161.4667078,223.6913655,,,,-0.3364903267973773,5.0,219.6461756915306,139.361495005488,219646175.69153062,-10629208.852193525
2022-03-04,,,1.444169239,,0.3735917637414807,0.0,s2,222.389681,162.7296073,222.433078,,,,-0.3755079019607762,5.0,217.76863618172672,139.30769731179734,217768636.18172672,-11765954.032456396
2022-03-07,19.46737383143215,56.82612207382568,310.2621805815116,217.04602431873684,80.26325816796817,0.0,l8,,,,217.04602431873684,217.04602431873684,-0.330754624198299,-0.5315782026143836,3.0,217.04602431873684,139.26890577525594,217046024.31873685,-8433564.395769214
2022-03-09,,,34.4523542,,8.91247052238506,0.0,s2,206.9479035,145.1631998,219.539438,,,,-0.5315782026143836,2.0,215.98286791350807,139.19608684339096,215982867.9135081,-15766350.699515276
2022-03-14,,,1.415367283,,0.3661409933095509,0.0,s2,218.3034879,166.8446023,218.3242279,,,,-0.5315782026143893,5.0,213.32497690043613,139.06790222251755,213324976.90043613,-27515331.662728585
2022-03-19,,,386.5634575,,100.52007021493976,1.0,s2,0.0,0.0,216.60607336666664,,,,-0.231364058823533,5.0,212.1681566063185,139.03831602573703,212168156.6063185,-6294361.788344131
2022-03-23,0.0,0.0,386.563457527785,,100.52007021490218,1.0,l8,,,,,,,-0.1563105228758132,4.0,211.5429145148152,139.02232517940703,211542914.5148152,-3387749.313308552
2022-03-24,,,386.2490416,,100.52049576797174,1.0,s2,0.0,0.0,214.88791883333332,,,,-0.1563105228758274,1.0,211.38660399193935,139.01832746782455,211386603.99193937,-845375.1173547148
2022-03-29,,,108.1602658,,27.97995094298846,0.0,s2,174.040774,104.3624178,213.1697643,,,,-0.1239047189542475,5.0,210.76708039716812,139.0024828746079,210767080.39716813,-3344426.702028946
2022-04-03,,,2.03162117,,0.5255595506354007,0.0,s2,204.3852291,180.1466072,204.5176554,,,,-0.0752960130718975,5.0,210.39060033180863,138.98059724526448,210390600.33180863,-4608650.447783509
2022-04-08,,,1.533236362,,0.3966325146371913,0.0,s2,211.2877861,173.742435,211.4210147,,,,-0.0752960130718918,5.0,210.0141202664492,138.9544527962812,210014120.26644918,-5495624.885004368
2022-04-13,,,1.517541986,,0.3925725405782723,0.0,s2,208.2720902,176.7738253,208.3650399,,,,-0.5310455228758144,5.0,207.35889265207007,138.77006198972708,207358892.65207008,-38479873.24298445
2022-04-18,,,37.13522955,,9.606502845705933,0.0,s2,189.9345779,159.4936501,205.7887997,,,,-0.5310455228758201,5.0,204.70366503769105,138.6220669840327,204703665.03769106,-30491600.28586922
2022-04-23,,,1.405763222,,0.3636565211998945,0.0,s2,67.76563234,317.392062,67.76832005,,,,-0.4308036797385625,5.0,202.5496466389982,138.52010161604724,202549646.6389982,-20762866.894204833
2022-04-24,185.8384425422196,159.53147516189645,41.171925840758384,197.93234931606133,10.651350307428917,0.0,l8,,,,197.93234931606133,197.93234931606133,-0.3982015625557397,-0.363975784313709,1.0,197.93234931606133,138.30153132857097,197932349.31606135,-43766732.492483534
2022-04-28,,,154.1887037,,39.88703553545616,0.0,s2,143.73652,88.6382339,200.7073776,,,,-0.3639757843137303,4.0,196.4764461788064,138.24431085296067,196476446.17880642,-11284129.431552447
2022-05-03,,,385.5581062,,100.52143338067197,1.0,s2,0.0,0.0,200.7073776,,,,-0.3139886732026127,5.0,194.90650281279332,138.1828949755616,194906502.8127933,-12018563.605677465
2022-05-08,,,386.5634575,,100.0,2.0,s2,0.0,0.0,200.7073776,,,,-0.1140402287581707,5.0,194.3363016690025,138.1605888183473,194336301.6690025,-4341255.595653454
2022-05-10,0.0,0.0,386.563457527785,197.93234931606133,100.0,2.0,l8,,,,197.93234931606133,197.93234931606133,0.0,-0.1140402287581707,2.0,197.93234931606133,138.30153132857097,197932349.31606135,27643664.175945956
2022-05-26,0.0,0.0,386.563457527785,,100.0,2.0,l8,,,,,,,-0.5885807189542493,16.0,188.51505781279332,137.932862897322,188515057.8127933,-71235479.67321487
2022-06-11,0.0,0.0,386.563457527785,197.93234931606133,100.0,2.0,l8,,,,197.93234931606133,197.93234931606133,0.0,0.4654026225490177,16.0,197.93234931606133,138.30153132857097,197932349.31606135,71235479.67321487
