date,water_area_uncorrected,non_water_area,cloud_area,unfiltered_area,cloud_percent,QUALITY_DESCRIPTION,sat,water_area_clustering,non_water_area_clustering,water_area,filtered_area,corrected_areas_1,corrected_trend_1,sar_trend,days_passed,filled_area,wl (m),area (m2),dS,last_date,inflow_vol,evap_vol,outflow_vol,outflow_rate
2019-01-29,,,1.480773825,,0.3830712660220933,0.0,s2,188.4669313,196.6053873,188.5184019,,,,-0.3645225816993426,3,172.3822852980895,137.22996191641684,172382285.2980895,-10076890.882850638,2019-01-26,2938819.3017548807,2266250.984857915,10749459.199747603,3583153.0665825345
2019-02-03,,,1.482755251,,0.3835888098207216,0.0,s2,181.499241,203.5661024,181.5261229,,,,-0.3645225816993445,5,170.55967238959278,137.14718375650466,170559672.38959277,-14194052.107033623,2019-01-29,4145813.4101210483,3580092.438562451,14759773.07859222,2951954.615718444
2019-02-08,,,46.25992967,,11.966969142081954,0.0,s2,145.7622278,194.5413,187.9376115,,,,-0.3255757581699356,5,168.9317935987431,137.0789646348347,168931793.5987431,-11579904.81208484,2019-02-03,3863801.000273342,3397527.437172679,12046178.375185503,2409235.6750371004
2019-02-11,149.3157662464183,231.56314993170565,5.6845413496603365,,1.4705325190371257,0.0,l8,,,,,,,-0.1697884640522791,3,168.42242820658626,137.0576187828847,168422428.20658627,-3600556.6366823944,2019-02-08,2377727.566534236,2008146.5752401506,3970137.6279764804,1323379.2093254935
2019-02-13,,,1.976916825,,0.511408606367515,0.0,s2,186.2225338,198.3636225,186.5987037,,,,-0.1697884640522886,2,168.08285127848168,137.04338821491802,168082851.2784817,-2394330.62542906,2019-02-11,1719287.7975618965,1365405.9904515108,2748212.4325394453,1374106.2162697227
2019-02-18,,,1.598626084,,0.4135485758721373,0.0,s2,183.2635054,201.7009417,183.3922155,,,,-0.1697884640522772,5,167.2339089582203,137.00781179500137,167233908.9582203,-5964684.93363603,2019-02-13,3265690.849232834,3451739.531283882,5778636.2515849825,1155727.2503169966
2019-02-23,,,3.366324635,,0.8708371021530399,0.0,s2,59.35105444,323.8445424,59.91780077,,,,-0.1472618496732025,5,166.49759970985428,136.9769554619111,166497599.70985427,-5148865.297090225,2019-02-18,2990858.607807874,3340456.2016472244,4799267.703250876,959853.5406501752
2019-02-27,157.25272828422206,220.0777678268975,9.23296141666484,,2.3884723806313786,0.0,l8,,,,,,,-0.141630196078438,4,165.93107892554053,136.9532144128042,165931078.92554054,-3946102.792010493,2019-02-23,2346458.573970345,2591529.6807875824,3701031.685193255,925257.9212983138
2019-02-28,,,13.37720436,,3.4605455073011444,0.0,s2,177.9052317,195.2810214,182.1159016,,,,-0.1416301960784096,1,165.78944872946212,136.94727915052746,165789448.72946212,-984424.1671072646,2019-02-27,903347.4111150575,715942.5617676423,1171829.01645468,1171829.01645468
2019-03-05,,,2.644881882,,0.6842038040905489,0.0,s2,179.9331887,203.985387,181.001697,,,,-0.0790919869281083,5,165.39398879482158,136.9307067069595,165393988.7948216,-2744259.4145058035,2019-02-28,2590211.3639348093,4052792.481162302,1281678.297278311,256335.65945566221
2019-03-10,,,386.5634575,,100.0,2.0,s2,0.0,0.0,118.235514505,,,,0.0147153267973919,5,165.46756542880854,136.93379006511506,165467565.42880854,510082.33578666137,2019-03-05,2425474.6884649955,4586363.115539634,-2670970.7628612993,0.0
2019-03-15,116.54803890677157,166.06639961265884,103.82980304137472,,26.867990740919765,0.0,l8,,,,,,,0.0147153267973862,5,165.54114206279547,136.9368734232706,165541142.06279546,510309.1989011229,2019-03-10,2180351.2289971435,4210439.122600212,-2540397.092504191,0.0
2019-03-20,,,77.4685678,,20.04032359939248,0.0,s2,130.6222392,178.4726505,179.2291147,,,,-0.308027091503277,5,164.0010066052791,136.8723313401898,164001006.6052791,-10634668.368983967,2019-03-15,2012209.5980202914,4340944.511105241,8305933.455899017,1661186.6911798033
2019-03-25,,,129.8252054,,33.584515317967885,0.0,s2,113.5540375,143.1834458,180.8400616,,,,-0.3080270915032713,5,162.46087114776273,136.80778925710896,162460871.14776275,-10535264.818329226,2019-03-20,3739978.540356328,3402011.059691437,10873232.298994116,2174646.459798823
2019-03-30,,,2.66990999,,0.6906796913978641,0.0,s2,57.84621008,326.0465693,58.98970777,,,,-1.15555564052288,5,156.68309294514833,136.5656613072875,156683092.94514832,-38636836.86185378,2019-03-25,5828651.31486367,3836021.6340794154,40629466.54263803,8125893.308527607
2019-03-31,0.0,0.0,386.563457527785,173.47585304318753,100.52007021490218,1.0,l8,,,,173.47585304318753,173.47585304318753,-0.260922656580091,-1.7205746732026057,1,173.47585304318753,137.28823373231904,173475853.04318753,119281875.1243228,2019-03-30,1861644.0681528836,481999.5344090663,-117902230.59057897,0.0
2019-04-04,,,166.3144128,,43.02383207254007,0.0,s2,56.85758888,163.3914558,145.9232199,,,,-1.7205746732026128,4,166.59355435037708,136.98097660975913,166593554.35037708,-52244373.79320152,2019-03-31,9238987.433674857,3208595.3400416714,58274765.8868347,14568691.471708676
2019-04-09,,,236.2969672,,61.12760081254562,0.0,s2,86.55367265,63.71281767,176.5666656,,,,-1.1185107647058827,5,161.00100052684766,136.74661081306851,161001000.52684766,-38388479.42265339,2019-04-04,6478695.165522226,4756266.075391492,40110908.51278412,8022181.702556824
2019-04-14,,,31.63020071,,8.182416506404616,0.0,s2,167.893181,187.0396915,173.4398121,,,,1.2897448692810485,5,167.4497248732529,137.01685594020964,167449724.8732529,44381104.022672206,2019-04-09,2842391.6085722926,4415184.055554369,-45953896.469654284,0.0
2019-04-16,78.96891007218161,125.73619686632958,181.8021900727943,175.31196743369284,47.03719476413314,0.0,l8,,,,175.31196743369284,175.31196743369284,0.1147571494065822,1.2897448692810514,2,175.31196743369284,137.38607286502804,175311967.43369284,63276708.98956107,2019-04-14,7785161.373181253,1862121.0157703883,-57353668.63215021,0.0
2019-04-19,,,138.3961147,,35.80165481627295,0.0,s2,102.5948122,145.5725306,173.6086616,,,,1.2897448692810467,3,179.18120204153598,137.56772428524346,179181202.04153597,32197093.84591985,2019-04-16,12714385.90206522,3183678.3353287056,-22666386.279183336,0.0
2019-04-24,,,10.79705738,,2.7930879577665766,0.0,s2,166.2663234,209.5000767,170.8995155,,,,-0.0570462679738568,5,178.8959707016667,137.55656609101874,178895970.7016667,-1997747.3204536107,2019-04-19,5335238.067170203,5478684.229828684,1854301.1577951293,370860.2315590259
2019-04-29,,,254.674227,,65.88160934841672,0.0,s2,47.83164694,84.05758363,179.308109,,,,-0.3937440522875818,5,176.9272504402288,137.47214478367115,176927250.4402288,-15019530.756713444,2019-04-24,6675291.752509387,4801979.080832902,16892843.42838993,3378568.6856779857
2019-05-02,106.45327136236573,176.6234263149728,103.48330088474846,174.03514463781738,26.77030765461563,0.0,l8,,,,174.03514463781738,174.03514463781738,-0.0798014247422163,-0.3937440522875874,3,174.03514463781738,137.31803612634906,174035144.63781738,-27043171.738012698,2019-04-29,5721978.36624468,2956466.9873824897,29808683.11687489,9936227.705624962
2019-05-04,,,15.61420159,,4.039253791123444,0.0,s2,51.47959319,319.4677435,62.43680501,,,,-0.0197787581699344,2,173.9955871214775,137.31592826579808,173995587.1214775,-366800.1250018089,2019-05-02,3120873.477741823,1840065.5002873316,1647608.1024563005,823804.0512281503
2019-05-09,,,386.5634575,,100.52007021493976,1.0,s2,0.0,0.0,96.46097524,,,,-0.0197787581699344,5,173.89669333062784,137.31065861442065,173896693.33062783,-916635.51744123,2019-05-04,20579426.11590188,4178005.1629927186,17318056.470350392,3463611.2940700785
2019-05-14,,,384.7447246,,100.52254149344324,1.0,s2,0.0,0.0,130.48514547000002,,,,-0.0197787581699344,5,173.79779953977817,137.30538896304324,173797799.53977817,-916114.3816351189,2019-05-09,75454406.22957517,4065654.6552971266,72304865.95591316,14460973.191182632
2019-05-18,119.62055282592846,151.974224540481,114.85636502758676,173.41568849005196,29.720798421262767,0.0,l8,,,,173.41568849005196,173.41568849005196,-0.0387160092353386,-0.9968334640522868,4,173.41568849005196,137.28502780586422,173415688.49005195,-3534834.202226401,2019-05-14,23079614.2340369,3997434.6974720554,22617013.738791246,5654253.4346978115
2019-05-19,,,58.03734261,,15.013665022514097,0.0,s2,122.7609629,205.765152,164.5093157,,,,-0.9968334640522868,1,172.41885502599968,137.23191056976907,172418855.02599967,-9184887.548899803,2019-05-18,6361242.839765488,1012010.6207779464,14534119.767887346,14534119.767887346
2019-05-24,,,386.5634575,,100.52007021493976,1.0,s2,0.0,0.0,155.6039729,,,,-0.9968334640522868,5,167.43468770573824,137.01622578127763,167434687.70573825,-36650619.7410766,2019-05-19,21567967.418559972,3834645.9163351716,54383941.2433014,10876788.24866028
2019-05-29,,,75.74388336,,19.594165428387264,0.0,s2,99.8584128,210.9611614,146.6986301,,,,-0.3397083856209121,5,165.73614577763368,136.94504539665306,165736145.77763367,-11857614.036522,2019-05-24,33974622.381050184,3878766.3005481637,41953470.11702402,8390694.023404803
2019-06-03,,,386.5634575,,100.52007021493976,1.0,s2,0.0,0.0,122.610428775,,,,0.0983749999999986,5,166.22802077763367,136.96565828298097,166228020.77763367,3421369.8150716326,2019-05-29,31587978.629458334,4173430.215187018,23993178.599199686,4798635.719839937
2019-06-08,,,138.1701808,,35.7432080299852,0.0,s2,55.20140245,193.1918743,98.52222745,,,,0.1221451830065348,5,166.83874669266635,136.9912518257796,166838746.69266635,4262179.284028864,2019-06-03,26813329.313374847,4434656.484987491,18116493.544358492,3623298.7088716985
2019-06-13,,,130.9768936,,33.88241212633118,0.0,s2,95.82376883,159.7624108,154.9492347,,,,0.2172259150326795,5,167.92487626782977,137.03676799446117,167924876.26782978,7618578.765559815,2019-06-08,22760613.29329004,4535241.544125217,10606792.983605009,2121358.596721002
2019-06-18,,,224.1335157,,57.981040709057005,0.0,s2,54.76600937,107.6639325,142.8182299,,,,0.2172259150326738,5,169.01100584299311,137.0822841631427,169011005.8429931,7668015.222508193,2019-06-13,31779007.764588065,3550762.677501052,20560229.86457882,4112045.972915764
2019-06-19,44.88800838089863,92.08884269380816,249.36031038978487,172.17381651896014,64.54473844673201,0.0,l8,,,,172.17381651896014,172.17381651896014,-0.0388084990966195,0.2172259150326851,1,172.17381651896014,137.21885345571724,172173816.51896015,23297684.91357017,2019-06-18,17771284.11399205,1022171.6449899779,-6548572.444568097,0.0
2019-06-23,,,40.00085929,,10.34782213378872,0.0,s2,154.3635759,192.1986384,169.0072703,,,,-0.1536598366013066,4,171.5591771725549,137.189069761029,171559177.1725549,-5118819.269190403,2019-06-19,34158299.82568293,3636351.614028728,35640767.4808446,8910191.87021115
2019-06-28,,,386.5634575,,100.0,2.0,s2,0.0,0.0,168.74739706666665,,,,-0.1536598366013038,5,170.7908779895484,137.15687283350647,170790877.9895484,-5511309.956694917,2019-06-23,21346959.389742702,4399772.449398507,22458496.89703911,4491699.379407822
2019-07-03,,,386.4222075,,100.52026130670404,1.0,s2,0.0,0.0,168.48752383333334,,,,-0.0699239934640502,5,170.44125802222814,137.1422213943312,170441258.02222815,-2499770.9427139927,2019-06-28,25447622.8598134,3334309.1519522793,24613084.650575113,4922616.930115023
2019-07-05,68.5032944878595,147.15583465171164,170.36449765182476,167.96716474780823,44.13317885951275,0.0,l8,,,,167.96716474780823,167.96716474780823,-0.2629157356969944,0.0556797712418273,2,167.96716474780823,137.03854016753516,167967164.74780822,-17543300.215453,2019-07-03,23395789.33105641,1712336.6392171849,39226752.907292224,19613376.453646112
2019-07-08,,,161.4909868,,41.77610278571347,0.0,s2,85.05658482,140.0155016,168.2276506,,,,0.055679771241832,3,168.13420406153372,137.04554024354252,168134204.06153372,1176367.5639212793,2019-07-05,18889456.93754949,2986597.465453978,14726491.908174232,4908830.636058077
2019-07-13,,,386.5634575,,100.52007021493976,1.0,s2,0.0,0.0,168.35456955,,,,0.0556797712418244,5,168.41260291774284,137.05720703688812,168412602.91774285,1963211.0240738995,2019-07-08,22539512.367997974,4344041.128339421,16232260.215584654,3246452.043116931
2019-07-18,,,310.0134667,,80.19730283478783,0.0,s2,13.45704649,63.09294436,168.4814885,,,,0.7480155228758179,5,172.1526805321219,137.21772720419833,172152680.5321219,27333798.139710717,2019-07-13,31038523.847494595,4520321.965167996,-815596.2573841177,0.0
2019-07-21,0.0,0.0,367.8286655338042,184.01587617965347,100.5467040143182,1.0,l8,,,,184.01587617965347,184.01587617965347,1.003044464490328,0.7480155228758179,3,184.01587617965347,137.7568557918691,184015876.17965347,96010325.47637872,2019-07-18,21326099.299162664,2868021.397141159,-77552247.57435721,0.0
2019-07-23,,,312.4604892,,80.8303224553803,0.0,s2,20.33589654,53.76707177,172.8573511,,,,0.7480155228758179,2,185.5119072254051,137.81538023375668,185511907.2254051,10813203.64286864,2019-07-21,35069745.37995125,1594081.7614339525,22662459.975648664,11331229.987824332
2019-07-28,,,386.5634575,,100.52007021493976,1.0,s2,0.0,0.0,173.42555779999998,,,,0.7505894248366018,5,189.2648543495881,137.96219479118193,189264854.3495881,27511342.191949528,2019-07-23,115706901.18246108,4154214.975858004,84041344.01465355,16808268.80293071
2019-08-02,,,151.2571772,,39.12867972006899,0.0,s2,100.9115407,134.3947396,173.9937645,,,,0.7523053594771227,5,193.02638114697373,138.1093449837447,193026381.14697373,28127114.459190365,2019-07-28,129612983.46529263,3607036.590456727,97878832.41564554,19575766.483129106
2019-08-06,0.0,0.0,386.563457527785,,100.0,2.0,l8,,,,,,,0.752305359477127,4,196.03560258488224,138.2270651377949,196035602.58488223,22900218.32999602,2019-08-02,85893639.63418896,3616727.7200104445,59376693.5841825,14844173.396045625
2019-08-07,,,386.5634575,,100.52007021493976,1.0,s2,0.0,0.0,182.38606475,,,,0.6297333333333484,1,196.6653359182156,138.2517001826197,196665335.9182156,4837102.611377855,2019-08-06,17051510.043272205,923929.5532574893,11290477.878636861,11290477.878636861
2019-08-12,,,343.6202564,,88.8910345089547,0.0,s2,6.297903094,36.645298,190.778365,,,,0.6297333333333313,5,199.81400258488225,138.39060367265716,199814002.58488223,27536181.92291549,2019-08-07,68473956.93376338,4965743.858666664,35972031.15218123,7194406.230436246
2019-08-17,,,386.5274397,,100.52011892871948,1.0,s2,0.0,0.0,199.9260272,,,,0.6297333333333313,5,202.9626692515489,138.53965298232183,202962669.2515489,30016792.44312502,2019-08-12,65877931.20711696,4168019.397578737,31693119.3664132,6338623.873282639
2019-08-22,,,383.9791021,,100.52358885316096,1.0,s2,0.0,0.0,209.0736894,,,,2.384580993464056,5,214.8855742188692,139.12092974101844,214885574.2188692,121442736.29577984,2019-08-17,56208554.44971827,4669720.5450139735,-69903902.39107555,0.0
2019-08-27,,,386.5634575,,100.52007021493976,1.0,s2,0.0,0.0,218.2213516,,,,2.8232929084967338,5,229.00203876135285,139.72604530580784,229002038.76135284,134301651.81577298,2019-08-22,138793930.42437097,4451838.719911674,40439.88868631981,8087.977737263963
2019-09-01,,,386.5634575,,100.52007021493976,1.0,s2,0.0,0.0,227.3690138,,,,1.9965203202614303,5,238.98464036266,140.1,238984640.36266,87502907.7389101,2019-08-27,249447917.27380565,4115197.7166403327,157829811.81825522,31565962.363651045
2019-09-06,,,386.5634575,,100.52007021493976,1.0,s2,0.0,0.0,236.516676,,,,0.7563614379084924,5,242.7664475522025,140.19918358748208,242766447.5522025,23890900.58639739,2019-09-01,540601456.7725201,3099735.1541307373,513610821.0319919,102722164.20639838
2019-09-07,0.0,0.0,386.563457527785,232.1620104751892,100.0,2.0,l8,,,,232.1620104751892,232.1620104751892,1.003044464490327,0.7563614379084811,1,232.1620104751892,139.79626689944865,232162010.4751892,-95678300.68060996,2019-09-06,182228838.7302594,936607.2596430435,276970532.15122634,276970532.15122634
2019-09-11,,,342.9698427,,88.72277914568234,0.0,s2,18.26823033,25.32538452,245.6643382,,,,0.7563614379084882,4,235.18745622682312,139.98356249851113,235187456.22682312,43766249.16874204,2019-09-07,182559730.8112331,3410691.205511166,135382790.43697992,33845697.60924498
2019-09-16,,,218.0736244,,56.41363329307326,0.0,s2,90.5624132,77.92588311,235.3182592,,,,0.0835671568627503,5,235.60529201113687,140.01040419771758,235605292.0111369,6318438.668389004,2019-09-11,108556093.59947842,4851933.474107021,97385721.45698239,19477144.291396476
2019-09-21,,,384.6786985,,100.52263165100108,1.0,s2,0.0,0.0,239.5629113,,,,0.0835671568627503,5,236.02312779545065,140.03724589692402,236023127.79545063,6329654.090829242,2019-09-16,73717353.12742786,4642185.549100299,62745513.48749832,12549102.697499665
2019-09-23,187.1334120480311,118.1688397521051,81.26120572764849,,21.021440114216627,0.0,l8,,,,,,,0.083567156862756,2,236.19026210917613,140.0479825766066,236190262.10917613,2535001.95461899,2019-09-21,47399483.43138693,2012049.049894326,42852432.42687362,21426216.21343681
2019-09-26,,,81.71567752,,21.13900730406526,0.0,s2,170.4094467,134.4383333,243.8075634,,,,0.0003667973856238,3,236.191362501333,140.04805326561026,236191362.501333,16696.093193072767,2019-09-23,54188199.07616474,3808460.1324284757,50363042.85054319,16787680.950181063
2019-10-01,,,1.517273944,,0.3925051496049996,0.0,s2,241.9582824,143.0859819,241.9671131,,,,0.0003667973856181,5,236.1931964882611,140.04817108061633,236193196.4882611,27826.99484092416,2019-09-26,50853371.428670876,5930539.711003158,44895004.722826794,8979000.94456536
2019-10-06,,,338.4987276,,87.5661475603282,0.0,s2,37.51039772,10.55433217,190.0206848,,,,0.0064826928104594,5,236.2256099523134,140.05025331599444,236225609.9523134,491843.5760278544,2019-10-01,43334381.03524619,4528693.327658502,38313844.131559834,7662768.826311966
2019-10-09,141.11710990278704,128.55554309548333,116.79986739589768,239.60368269264296,30.22203681565046,0.0,l8,,,,239.60368269264296,239.60368269264296,0.2325522567954312,0.0309462745097922,3,239.60368269264296,140.1,239603682.69264296,11835464.730897736,2019-10-06,27304169.91834098,2524260.8567989464,12944444.330644298,4314814.776881433
2019-10-11,,,48.74407679,,12.610544159876332,0.0,s2,208.8427251,128.9474838,237.6570688,,,,0.0309462745098016,2,239.66557524166257,140.1,239665575.24166256,0.0,2019-10-09,19338138.372299086,1814542.0203269648,17523596.35197212,8761798.17598606
2019-10-16,,,31.3544232,,8.111067559974938,0.0,s2,229.2615381,125.9474962,236.9079449,,,,0.030946274509796,5,239.82030661421155,140.1,239820306.6142116,0.0,2019-10-11,34820207.22164239,4865480.388350137,29954726.833292253,5990945.366658451
2019-10-21,,,1.671218356,,0.4323291877753271,0.0,s2,239.4446511,145.4456682,239.6394131,,,,0.0173583267973924,5,239.9070982481985,140.1,239907098.2481985,0.0,2019-10-16,29625625.81347295,5294267.347224541,24331358.466248408,4866271.693249682
2019-10-25,20.88385150378418,280.21871092585786,85.41288898882281,,22.09818227844912,0.0,l8,,,,,,,0.0139613398692901,4,239.96294360767567,140.1,239962943.60767567,0.0,2019-10-21,18839119.966125347,4036793.895785824,14802326.070339523,3700581.517584881
2019-10-26,,,55.66267679,,14.39937765298182,0.0,s2,197.7138681,133.1865284,237.5346795,,,,0.0139613398692972,1,239.97690494754497,140.1,239976904.94754496,0.0,2019-10-25,6823915.310562959,972004.2263979402,5851911.084165019,5851911.084165019
2019-10-31,,,42.45854241,,10.985454612823997,0.0,s2,109.5998127,234.4394632,133.3040794,,,,0.021478098039222,5,240.08429543774108,140.1,240084295.43774107,0.0,2019-10-26,18947925.078450672,4179180.840115851,14768744.238334822,2953748.8476669644
2019-11-05,,,386.5634575,,100.0,2.0,s2,0.0,0.0,181.3476283,,,,0.0327532352941148,5,240.24806161421165,140.1,240248061.61421165,0.0,2019-10-31,35856136.05833867,4223706.269375494,31632429.788963176,6326485.957792635
2019-11-10,,,299.3439693,,77.43721334148935,0.0,s2,38.89360843,48.32587979,229.3911772,,,,0.0327532352941148,5,240.41182779068225,140.1,240411827.79068223,0.0,2019-11-05,20883998.41875275,4300362.022747933,16583636.396004815,3316727.2792009627
2019-11-15,,,386.5634575,,100.52007021493976,1.0,s2,0.0,0.0,205.8963825,,,,0.0196864705882319,5,240.51026014362336,140.1,240510260.14362332,0.0,2019-11-10,23298708.184448525,3827288.5215832903,19471419.662865236,3894283.9325730475
2019-11-20,,,6.273399889,,1.6228722383420098,0.0,s2,182.2640295,198.0241089,182.4015878,,,,0.0196864705882319,5,240.6086924965645,140.1,240608692.4965645,0.0,2019-11-15,16783374.99912431,4503451.787922073,12279923.211202238,2455984.6422404475
2019-11-25,,,1.433641733,,0.3709045091518714,0.0,s2,224.1240573,160.9681311,224.1724369,,,,0.0252661764705862,5,240.73502337891748,140.1,240735023.3789175,0.0,2019-11-20,14418873.93578813,4755587.771208717,9663286.164579414,1932657.2329158827
2019-11-26,137.41210110545774,234.08496475751875,15.054293323072256,,3.8945131003475697,0.0,l8,,,,,,,0.0289859803921501,1,240.76400935930965,140.1,240764009.35930964,0.0,2019-11-25,4500592.555934072,948067.155880404,3552525.4000536674,3552525.4000536674
2019-11-30,,,1.770677834,,0.4581599507415572,0.0,s2,237.7884178,146.9168133,237.9666539,,,,0.0289859803921643,4,240.87995328087828,140.1,240879953.28087828,0.0,2019-11-26,10873069.58389805,3326981.3967068912,7546088.187191159,1886522.0467977899
2019-12-05,,,33.72618201,,8.724617227723224,0.0,s2,208.7181044,144.1191711,239.4036011,,,,-0.0024005751633978,5,240.8679504050613,140.1,240867950.4050613,0.0,2019-11-30,12283855.797489323,4349307.404944585,7934548.392544738,1586909.6785089476
2019-12-10,,,1.475581031,,0.3817207066295711,0.0,s2,228.9645611,156.1202423,228.9826086,,,,-0.1279467973856185,5,240.2282164181332,140.1,240228216.4181332,0.0,2019-12-05,11122621.337827425,4347768.503106035,6774852.83472139,1354970.566944278
2019-12-12,41.03154565325927,304.5100405792347,41.02187129529106,,10.611937185589383,0.0,l8,,,,,,,-0.1279467973856185,2,239.972322823362,140.1,239972322.823362,0.0,2019-12-10,5217958.709413874,1641564.71369368,3576393.9957201937,1788196.9978600969
2019-12-15,,,1.441027277,,0.3727900798169358,0.0,s2,233.9796637,151.1312467,234.0015509,,,,-0.1279467973856185,3,239.5884824312051,140.1,239588482.4312051,0.0,2019-12-12,6662408.481846137,2805827.4830635777,3856580.9987825593,1285526.9995941864
2019-12-20,,,114.6639169,,29.66585822734958,0.0,s2,60.75789487,211.0963062,157.7961364,,,,-0.097834980392156,5,239.0993075292444,140.1,239099307.5292444,0.0,2019-12-15,9465331.287253011,4112777.467949489,5352553.819303522,1070510.7638607044
2019-12-25,,,1.579483415,,0.4088508147518266,0.0,s2,218.0762715,166.6669227,218.3815666,,,,-0.0903070261437846,5,238.6477723985254,140.1,238647772.39852545,0.0,2019-12-20,8686175.808112878,4307300.5515278885,4378875.25658499,875775.051316998
2019-12-28,236.9233127251105,147.9446507392262,1.6954940634478926,236.95960060712963,0.4386069170353556,0.0,l8,,,,236.95960060712963,236.95960060712963,-0.0330510260689166,-0.0903070261437903,3,236.95960060712963,140.09740474992267,236959600.60712963,-617160.0357834651,2019-12-25,5360532.213897256,2640701.8213083292,3336990.428372392,1112330.1427907974
2019-12-30,,,2.722540686,,0.7042961376052453,0.0,s2,217.0425313,166.79685,218.0066026,,,,-0.2004992156862926,2,236.55860217575704,140.0716446793848,236558602.17575705,-6098931.152326453,2019-12-28,3860075.514006313,1643187.5303141214,8315819.136018645,4157909.5680093225
2020-01-04,,,44.44173781,,11.496621562800032,0.0,s2,176.2476091,165.8741106,215.0070916,,,,-0.1654969803921574,5,235.73111727379623,140.01848719103617,235731117.27379623,-12552867.629409015,2019-12-30,8011348.176179725,4144595.5847145887,16419620.220874153,3283924.0441748304
2020-01-09,,,1.50403059,,0.3891364219051951,0.0,s2,223.9961642,161.0045129,224.0779485,,,,-0.1421621568627472,5,235.0203064894825,139.97282482801816,235020306.4894825,-10747811.201562043,2020-01-04,7826514.497053523,4451347.45231912,14122978.246296447,2824595.6492592893
2020-01-13,233.7184659339803,149.21937890883407,3.618691963473737,234.9477365767528,0.936135239975813,0.0,l8,,,,234.9477365767528,234.9477365767528,-0.1257415018985526,-0.1421621568627458,4,234.9477365767528,139.96816294925608,234947736.5767528,-1095467.019413082,2020-01-09,5589698.649917497,3421494.068953862,3263671.6003767173,815917.9000941793
2020-01-14,,,2.744029853,,0.7098523670809288,0.0,s2,235.9176725,147.9017551,237.1356625,,,,-0.3025749019607815,1,234.645161674792,139.94872558938707,234645161.674792,-4563823.077624814,2020-01-13,2174780.877947656,926285.719317453,5812318.236255016,5812318.236255016
2020-01-19,,,1.428767558,,0.369607874326478,0.0,s2,236.7363507,148.397955,236.747102,,,,-0.3025749019607872,5,233.13228716498807,139.85153879004207,233132287.16498807,-22730896.529252965,2020-01-14,5842293.616028257,4348072.980356645,24225117.164924577,4845023.432984916
2020-01-24,,,1.436131493,,0.371512481369506,0.0,s2,217.3247301,167.8025959,217.3270337,,,,-0.3025749019607815,5,231.61941265518416,139.78420917011522,231619412.65518412,-15645777.654625311,2020-01-19,7850848.693152816,3778446.328004122,19718180.019774005,3943636.003954801
2020-01-29,0.0,0.0,386.563457527785,,100.52007021490218,1.0,l8,,,,,,,-0.3874162614379088,5,229.68233134799465,139.7411629188443,229682331.34799463,-9928655.39203456,2020-01-24,6545458.014798561,3703761.5575329443,12770351.849300178,2554070.3698600354
2020-02-03,,,1.450763284,,0.3752975754788591,0.0,s2,233.8724622,151.2402321,233.8928125,,,,-0.408626601307185,5,227.6391983414587,139.68860885620649,227639198.3414587,-12017052.158462618,2020-01-29,5125793.560090359,4800378.193078708,12342467.525474269,2468493.5050948537
2020-02-08,,,1.464675025,,0.3788964001868376,0.0,s2,232.4364163,152.6623662,232.4606078,,,,-0.4078635163398701,5,225.5998807597593,139.56685855282146,225599880.7597593,-27590997.69326195,2020-02-03,4367022.35172501,5068296.0862845555,26889723.958702408,5377944.791740482
2020-02-13,,,386.4401232,,100.52023706145768,1.0,s2,0.0,0.0,155.4283577,,,,-0.4067188888888836,5,223.56628631531493,139.47381909212936,223566286.3153149,-20895088.97290062,2020-02-08,7035467.126587812,4192221.243927836,23738334.855560597,4747666.971112119
2020-02-14,60.45439323095081,65.47548971662162,259.75507033979494,,67.34902881893238,0.0,l8,,,,,,,-0.4067188888888893,1,223.15956742642604,139.4621652557715,223159567.426426,-2603034.998163839,2020-02-13,2724890.799027269,957666.2350430293,4370259.562148078,4370259.562148078
2020-02-18,,,1.489616349,,0.3853568860854637,0.0,s2,78.37806411,306.6873294,78.3961076,,,,-0.4067188888888893,4,221.53269187087048,139.41554991034013,221532691.87087047,-10364741.638901452,2020-02-14,4376019.912333019,4231849.253852101,10508912.29738237,2627228.0743455924
2020-02-23,,,1.51065691,,0.3907914419381271,0.0,s2,225.6448696,159.4079311,225.7047758,,,,-0.4050686601307234,5,219.5073485702169,139.3575171510091,219507348.5702169,-12797385.261135207,2020-02-18,4177752.1282844283,5900505.223385724,11074632.166033912,2214926.4332067827
2020-02-28,,,1.532696492,,0.3965109784313718,0.0,s2,223.0595605,161.9535325,223.1482728,,,,-0.4050686601307234,5,217.48200526956325,139.29876748421668,217482005.2695633,-12836489.464958504,2020-02-23,3611285.8487977544,4827553.96615668,11620221.347599577,2324044.2695199153
2020-03-01,211.00227255563848,157.38706395321165,18.174121018934667,218.87660929941288,4.7014586260079625,0.0,l8,,,,218.87660929941288,218.87660929941288,-0.3348151516112481,-0.4050686601307234,2,218.87660929941288,139.33944439253332,218876609.29941288,8874859.678999353,2020-02-28,2038526.3399428525,2072425.9751483018,-8908759.314204803,0.0
2020-03-04,,,8.582371739,,2.220171506373719,0.0,s2,69.05489433,308.9261915,74.8499128,,,,-0.4763677124183043,3,217.447506162158,139.29640453165467,217447506.162158,-9389664.613733103,2020-03-01,2816407.647413656,2672629.0114477854,9533443.249698974,3177814.416566325
2020-03-09,,,358.5253772,,100.56096988542784,1.0,s2,0.0,0.0,146.6854181,,,,-0.4763677124183004,5,215.0656676000665,139.13326490411413,215065667.60006648,-35280019.03697416,2020-03-04,6764684.643003937,5344816.826036859,36699886.85394125,7339977.370788249
2020-03-14,,,15.89243572,,4.11121005124437,0.0,s2,209.7411465,160.9298753,218.5209234,,,,-0.4735936143790866,5,212.69769952817103,139.05185932297113,212697699.52817103,-17411162.746380817,2020-03-09,5106111.013677086,4825816.0331494985,17691457.726908404,3538291.545381681
2020-03-17,127.89829712771429,177.08433008978184,81.58083031028872,,21.10412371413172,0.0,l8,,,,,,,-0.4624972222222159,3,211.3102078615044,139.01637360259602,211310207.8615044,-7523113.019232073,2020-03-14,3097353.7857985874,2815874.743488114,7804592.061542546,2601530.687180849
2020-03-19,,,8.238360347,,2.1311792897882813,0.0,s2,211.948472,166.3766251,216.3157479,,,,-0.4624972222222254,2,210.38521341706,138.9802231539625,210385213.41706,-7622239.332960802,2020-03-17,2171247.9494117135,2001698.9963656985,7791788.286006818,3895894.143003409
2020-03-24,,,4.171733018,,1.0791845263350448,0.0,s2,201.7590099,180.6327146,202.8365956,,,,-0.462497222222214,5,208.0727273059489,138.8196338406909,208072727.30594888,-33599936.66687806,2020-03-19,3239900.67153965,5280396.277463094,31559441.060954615,6311888.212190923
2020-03-29,,,30.66439252,,7.932571586995785,0.0,s2,201.7968839,154.1017969,208.2255311,,,,-0.3077555751633952,5,206.53394943013188,138.71277426598138,206533949.43013188,-22152346.573871966,2020-03-24,2618036.304713881,5551309.4407043215,19219073.43788153,3843814.687576306
2020-04-02,151.6920588503272,173.77028450626153,61.09592652416271,,15.805101399851068,0.0,l8,,,,,,,-0.2690701633986947,4,205.4576687765371,138.65775946871182,205457668.7765371,-11332817.676199762,2020-03-29,2585745.8105737683,4252987.042674779,9665576.444098752,2416394.111024688
2020-04-03,,,9.883340374,,2.556723828187467,0.0,s2,46.48386817,330.1954802,49.86872302,,,,-0.2690701633986805,1,205.1885986131384,138.64502241955685,205188598.6131384,-2615210.8465224137,2020-04-02,2328400.5586358733,1223136.4590827962,3720474.9460754907,3720474.9460754907
2020-04-08,,,1.842449807,,0.4766247550080851,0.0,s2,50.22436509,334.4951057,50.60610582,,,,-0.096170673202613,5,204.70774524712536,138.62226013004144,204707745.24712536,-4665089.625128241,2020-04-03,5801609.366347175,5212351.326647341,5254347.664828075,1050869.532965615
2020-04-13,,,20.75962962,,5.370303171744043,0.0,s2,191.7192526,174.0845753,203.4070949,,,,0.1631785620914968,5,205.52363805758284,138.66088227491517,205523638.05758289,7922007.958872017,2020-04-08,5800276.995537928,4936278.663852879,-7058009.627186968,0.0
2020-04-18,0.0,0.0,386.563457527785,,100.52007021490218,1.0,l8,,,,,,,0.1631785620915025,5,206.3395308680404,138.6995044197889,206339530.8680404,7953519.489198941,2020-04-13,3280653.572131529,5510863.433879511,-10183729.350946924,0.0
2020-04-23,,,72.46482767,,18.7459073668074,0.0,s2,161.5340301,152.5645998,196.9879526,,,,-0.4204219934640548,5,204.23742090072008,138.59999625565538,204237420.9007201,-20427879.35302112,2020-04-18,4536839.923673344,5315765.90999644,19648953.366698023,3929790.6733396044
2020-04-28,,,131.2453059,,33.9518139466749,0.0,s2,97.19643397,158.1217177,174.5533196,,,,-0.4204219934640491,5,202.13531093339984,138.50048809152187,202135310.93339983,-20218702.249366324,2020-04-23,10671200.814920591,6424911.232331581,24464991.831955336,4892998.366391067
2020-05-03,,,17.77043031,,4.597046241011691,0.0,s2,77.93646541,290.8550264,88.83678539,,,,-0.3461070718954261,5,200.4047755739227,138.41856925793718,200404775.5739227,-16487807.17888095,2020-04-28,3268540.865126907,5856457.983930809,13899890.060077047,2779978.0120154093
2020-05-04,0.0,0.0,386.563457527785,,100.52007021490218,1.0,l8,,,,,,,-0.2965637908496887,1,200.10821178307305,138.4045307352934,200108211.78307304,-2811305.321068161,2020-05-03,1552877.1285947629,880721.8143827989,3483460.635280125,3483460.635280125
2020-05-08,,,5.177388248,,1.3393372153106973,0.0,s2,64.43859682,316.9474725,66.42273843,,,,-0.2965637908496674,4,198.92195661967435,138.34837664471831,198921956.61967435,-11203588.109340984,2020-05-04,7125938.088379162,4392547.149135139,13936979.048585009,3484244.762146252
2020-05-13,,,386.5634575,,100.52007021493976,1.0,s2,0.0,0.0,110.847573965,,,,-0.353979261437911,5,197.1520603124848,138.2707407457207,197152060.3124848,-15374781.187062014,2020-05-08,14430263.757999044,4479289.523165001,25325755.421896055,5065151.084379211
2020-05-18,,,183.1951481,,47.39070507500456,0.0,s2,90.63214646,112.736163,155.2724095,,,,-0.583641143790851,5,194.2338545935305,138.15658110879338,194233854.5935305,-22340236.972069982,2020-05-13,18655219.14424892,5273627.79792626,35721828.31839264,7144365.663678529
2020-05-20,66.13726860130161,102.33546828860752,217.89031529253904,183.45513771378936,56.39522569814646,0.0,l8,,,,183.45513771378936,183.45513771378936,-0.442768394820294,-0.5836411437908424,2,183.45513771378936,137.7349198127644,183455137.7137893,-79628414.9960932,2020-05-18,7193406.772263983,2312070.538423896,84509751.22993329,42254875.614966646
2020-05-23,,,327.4464498,,84.70703668559942,0.0,s2,36.11303847,23.00396928,182.7293809,,,,-0.5836411437908472,3,181.7042142824168,137.666424030608,181704214.2824168,-12505937.713350307,2020-05-20,8636836.486599617,2566766.7566474197,18576007.443302505,6192002.481100835
2020-05-28,,,182.2698557,,47.151341433952055,0.0,s2,107.7511898,96.54241199,187.5660365,,,,-0.0541516274509831,5,181.4334561451619,137.65583202523862,181433456.1451619,-1923178.07749564,2020-05-23,85657580.29197122,4051143.1933813933,83529615.17608546,16705923.035217091
2020-06-02,,,386.5634575,,100.52007021493976,1.0,s2,0.0,0.0,185.69024355,,,,0.0782207516339838,5,181.82455990333185,137.6711319277587,181824559.90333185,2778906.117587982,2020-05-28,46190232.403532416,3660053.876993697,39751272.40895073,7950254.481790146
2020-06-05,152.8381502722371,169.0924958973498,64.61119973832506,181.91419010530595,16.71518890446799,0.0,l8,,,,181.91419010530595,181.91419010530595,-0.0963092255302129,0.0782207516339876,3,181.91419010530595,137.67463824372834,181914190.10530597,637691.4939669807,2020-06-02,23920715.088767633,3018756.2215010673,20264267.373299584,6754755.791099861
2020-06-07,,,97.21668691,,25.14895938074672,0.0,s2,131.3323715,158.0143991,183.8144506,,,,-0.2336666993464149,2,181.44685670661312,137.65635625258145,181446856.70661312,-3321481.720470557,2020-06-05,12951070.58166169,2110289.2899038834,14162263.012228364,7081131.506114182
2020-06-12,,,13.52723905,,3.499361420006025,0.0,s2,75.14068422,297.89515,83.50452913,,,,-0.2336666993464064,5,180.2785232098811,137.61065127471417,180278523.2098811,-8266325.241557326,2020-06-07,21120269.164673276,5045670.138551781,24340924.26767882,4868184.853535764
2020-06-17,,,386.5634575,,100.52007021493976,1.0,s2,0.0,0.0,117.258601565,,,,-0.2336666993464064,5,179.11018971314903,137.5649462968469,179110189.71314904,-8212926.584947593,2020-06-12,27211360.125710838,3568772.8751366185,31855513.835521813,6371102.767104363
2020-06-21,34.85986185662841,114.7825891305987,236.6841845514668,,61.26530318610684,0.0,l8,,,,,,,-0.0875763725490159,4,178.759884222953,137.55124241458984,178759884.222953,-2452104.6782731446,2020-06-17,43837701.2307979,3067415.538812266,43222390.37025878,10805597.592564695
2020-06-22,,,224.0529949,,57.96021080730837,0.0,s2,45.17345415,117.3370085,151.012674,,,,-0.087576372549023,1,178.67230785040397,137.5478164440256,178672307.85040396,-612276.0843795514,2020-06-21,11979362.249906398,1099884.7028333098,11491753.63145264,11491753.63145264
2020-06-27,,,77.72129398,,20.10602081745457,0.0,s2,129.0978507,179.7381691,158.1118629,,,,-0.0875763725490173,5,178.23442598765888,137.53068659120427,178234425.9876589,-3056879.9107907484,2020-06-22,24940968.15300535,4553001.575188215,23444846.488607883,4688969.297721577
2020-07-02,,,382.436175,,100.52571236160703,1.0,s2,0.0,0.0,174.30179750000002,,,,0.8040190196078469,5,182.2545210856981,137.68795192511288,182254521.0856981,28346207.31592766,2020-06-27,34437981.14076383,4181408.8739933018,1910364.9508428667,382072.99016857333
2020-07-07,40.343363056942685,111.90062505439208,234.2806244715028,,60.61208441708048,0.0,l8,,,,,,,0.2735735947712442,5,183.6223890595544,137.7414626526965,183622389.0595544,9789169.833958508,2020-07-02,85884485.84505066,4694319.434198547,71400996.57689361,14280199.315378722
2020-07-12,,,69.74160525,,18.04147354662628,0.0,s2,132.9518488,183.8692348,186.2976572,,,,0.2735735947712442,5,184.99025703341056,137.7949733802801,184990257.03341052,9862365.444477877,2020-07-07,31963321.612460893,4835151.02671076,17265805.141272258,3453161.0282544517
2020-07-17,,,104.0272231,,26.9108019583825,0.0,s2,109.6169928,172.9188574,159.8377475,,,,0.115361006535943,5,185.56706206609027,137.81753788033606,185567062.0660903,4180720.323776604,2020-07-12,40130897.28402671,4344177.489697083,31605999.470553026,6321199.894110605
2020-07-22,,,386.5634575,,100.0,2.0,s2,0.0,0.0,172.3788176,,,,0.0098859477124165,5,185.6164918046524,137.8194715620402,185616491.8046524,358875.4234996642,2020-07-17,46199416.57913942,4162941.7665301086,41677599.38910964,8335519.877821928
2020-07-23,63.75678425477413,167.7371074293453,155.04551538003057,189.2170435775891,40.11117949334962,0.0,l8,,,,189.2170435775891,189.2170435775891,0.1521427806725655,0.0098859477124335,1,189.2170435775891,137.9603244431331,189217043.5775891,26398191.69440988,2020-07-22,19135522.377547465,908261.8561918363,-8170931.173054252,0.0
2020-07-27,,,358.1792069,,100.56151509163236,1.0,s2,0.0,0.0,184.9198877,,,,0.0299984477124155,4,189.3370373684388,137.96501857676046,189337037.3684388,888491.7205729913,2020-07-23,45563794.35938439,3921700.493070481,40753602.14574091,10188400.536435228
2020-08-01,,,319.4737568,,82.64458282226919,0.0,s2,9.481252137,57.60844857,197.4609578,,,,0.0903359477124183,5,189.78871710700085,137.9826881997849,189788717.1070009,3349504.580217145,2020-07-27,44250806.349451676,3879101.705543448,37022200.06369108,7404440.012738216
2020-08-06,,,365.4371003,,100.55030155103844,1.0,s2,0.0,0.0,191.5133457,,,,0.0903359477124183,5,190.2403968455629,138.00035782280932,190240396.8455629,3357485.5909253103,2020-08-01,85030315.55482759,4118459.277665445,77554370.68623683,15510874.137247365
2020-08-08,10.091394874633789,30.55525544113095,345.87017506571897,,89.48386004266504,0.0,l8,,,,,,,0.2948473366013076,2,190.8300915187656,138.0234265630813,190830091.5187656,4395408.06069681,2020-08-06,24930913.950656053,1586757.6285650288,18948748.261394214,9474374.130697107
2020-08-11,,,85.76651508,,22.18821791072844,0.0,s2,144.6791837,156.0951015,185.5657336,,,,0.4993587254901968,3,192.3281676952361,138.0820310100826,192328167.6952361,11227388.947608808,2020-08-08,31974126.00828053,2543663.6398311434,18203073.42084058,6067691.140280194
2020-08-16,,,386.5634575,,100.52007021493976,1.0,s2,0.0,0.0,188.5624848,,,,0.4993587254901968,5,194.8249613226872,138.17970508841807,194824961.32268715,18907412.525760025,2020-08-11,59697282.80869759,3757916.5164902783,37031953.76644728,7406390.7532894565
2020-08-21,,,274.5035985,,71.01126430009201,0.0,s2,61.1171871,50.94267191,191.559236,,,,0.420929261437908,5,196.92960762987667,138.2620384402886,196929607.62987667,16127233.386227064,2020-08-16,56029795.55170166,4234008.966782223,35668553.19869237,7133710.639738473
2020-08-24,17.58595370839078,38.84019922348827,330.11712013033,201.2419700079932,85.4023709984993,0.0,l8,,,,201.2419700079932,201.2419700079932,0.3757789509501279,0.3032850653594702,3,201.2419700079932,138.458199763692,201241970.0079932,39052931.80553246,2020-08-21,39986503.3780701,2583599.2442599284,-1650027.67172229,0.0
2020-08-26,,,72.74595443,,18.818631976964458,0.0,s2,158.1472453,155.6702578,196.477395,,,,0.3032850653594749,2,201.8485401387121,138.48691314266094,201848540.1387121,5787045.288313835,2020-08-24,23131298.167647053,2082024.4954339177,15262228.3838993,7631114.19194965
2020-08-31,,,312.8806031,,80.93900161059743,0.0,s2,35.24203435,38.44082006,199.0097867,,,,0.3032850653594721,5,203.3649654655095,138.5586965900833,203364965.4655095,14543811.187182976,2020-08-26,45226020.575082734,4899750.152746715,25782459.23515304,5156491.847030608
2020-09-05,,,178.3222262,,46.13013017384264,0.0,s2,109.6518622,98.58936921,198.0118164,,,,1.255652124183007,5,209.64322608642453,138.9286962560017,209643226.08642453,76406446.4478919,2020-08-31,35687322.04967441,4760289.605078636,-45479414.00329614,0.0
2020-09-09,110.17158225874644,120.6231657017127,154.85122973791974,,40.1537261355885,0.0,l8,,,,,,,1.2556521241830083,4,214.66583458315657,139.10587908103813,214665834.58315656,37590139.028994136,2020-09-05,23738020.800532028,3706468.5261918465,-17558586.754653953,0.0
2020-09-10,,,386.5634575,,100.52007021493976,1.0,s2,0.0,0.0,199.4773848,,,,1.2556521241830296,1,215.9214867073396,139.19188265118763,215921486.7073396,18516023.446052525,2020-09-09,8950641.747328,1096569.991808671,-10661951.690533197,0.0
2020-09-15,,,210.5387884,,54.46427838846218,0.0,s2,96.39511636,79.62916856,200.9429532,,,,0.915289163398694,5,220.49793252433307,139.38590064539636,220497932.52433303,42336610.176528975,2020-09-10,41228164.657492846,4470351.422050279,-5578796.941086408,0.0
2020-09-20,,,386.5634575,,100.52007021493976,1.0,s2,0.0,0.0,209.43826655,,,,0.6883805228758206,5,223.93983513871217,139.48452249681125,223939835.13871217,21915637.74281517,2020-09-15,230643759.50883958,3530489.327913606,205197632.4381108,41039526.48762216
2020-09-25,,,101.6906613,,26.30690544776981,0.0,s2,163.6055884,121.2587615,217.9335799,,,,0.5970333986928097,5,226.92500213217625,139.6459702765478,226925002.13217625,36395563.469335705,2020-09-20,302042026.4697773,4574417.609029214,261072045.39141238,52214409.078282475
2020-09-30,,,386.5634575,,100.52007021493976,1.0,s2,0.0,0.0,219.258902,,,,0.231644901960783,5,228.08322664198013,139.70562725871065,228083226.6419801,13572208.893961497,2020-09-25,78765818.8031442,4810032.984578658,60383576.92460404,12076715.38492081
2020-10-05,,,220.1109968,,56.94045634854759,0.0,s2,96.55724167,69.89521907,220.5842241,,,,0.231644901960783,5,229.24145115178405,139.73136558115075,229241451.1517841,5885385.008436589,2020-09-30,55768407.35563567,3857032.4736847095,46025989.87351437,9205197.974702874
2020-10-10,,,386.5634575,,100.52007021493976,1.0,s2,0.0,0.0,223.3083354166667,,,,0.2719098431372572,5,230.6010003674704,139.7615777859438,230601000.36747035,6946427.158914597,2020-10-05,61511374.36777428,3075489.0883749267,51489458.120484754,10297891.62409695
2020-10-11,0.0,0.0,386.563457527785,,100.0,2.0,l8,,,,,,,0.28197607843137,1,230.8829764459017,139.76784392102005,230882976.4459017,1445860.4671210248,2020-10-10,25141346.362936243,430257.89688739466,23265227.998927824,23265227.998927824
2020-10-15,,,386.5634575,,100.52007021493976,1.0,s2,0.0,0.0,226.03244673333333,,,,0.2819760784313772,4,232.0108807596272,139.79290846132506,232010880.7596272,5801110.870434771,2020-10-11,87540929.24835905,2424683.466712549,79315134.91121173,19828783.727802932
2020-10-20,,,386.5634575,,100.52007021493976,1.0,s2,0.0,0.0,228.75655805,,,,0.2871709150326808,5,233.44673533479065,139.87173888660325,233446735.33479065,18346110.91284968,2020-10-15,83855900.16677755,2745098.8582258658,62764690.395702004,12552938.0791404
2020-10-25,,,386.3153016,,100.52040602902709,1.0,s2,0.0,0.0,231.48066936666663,,,,0.2949631699346412,5,234.92155118446385,139.96648080414116,234921551.18446383,22187054.789387956,2020-10-20,65003112.601896115,4437673.777063033,38378384.035445124,7675676.807089025
2020-10-27,38.137785829989326,59.35229025543978,285.0721984176466,,74.51654734851664,0.0,l8,,,,,,,0.2949631699346469,2,235.51147752433312,140.0043775711563,235511477.52433312,8913945.442605576,2020-10-25,23195513.6081766,1761737.9371184853,12519830.22845254,6259915.11422627
2020-10-30,,,386.5634575,,100.52007021493976,1.0,s2,0.0,0.0,234.20478068333333,,,,0.2949631699346374,3,236.39636703413703,140.06122272167903,236396367.03413704,13412836.228389002,2020-10-27,99998286.60280214,2022037.2307684524,84563413.14364468,28187804.38121489
2020-11-04,,,8.665640099,,2.2417121771067605,0.0,s2,230.3183316,147.5794858,236.928892,,,,0.0421999999999968,5,236.607367034137,140.07477732553343,236607367.034137,3205689.118474208,2020-10-30,165886687.39187053,4794974.688867588,157886023.5845287,31577204.716905743
2020-11-09,,,386.5634575,,100.52007021493976,1.0,s2,0.0,0.0,201.05787685,,,,0.0421999999999968,5,236.818367034137,140.0883319293878,236818367.034137,3208549.1398807582,2020-11-04,52980105.00943662,4535371.866626549,45236184.002929315,9047236.800585862
2020-11-12,94.68053592653736,67.01919277730755,224.66337648348588,233.8281892818544,58.14824797376973,0.0,l8,,,,233.8281892818544,233.8281892818544,0.4073277409232652,0.0199636165577317,3,233.8281892818544,139.8962434228172,233828189.2818544,-45202897.06266701,2020-11-09,28091044.45598102,2330161.983410284,70963779.53523774,23654593.178412583
2020-11-14,,,278.628267,,72.07827371296953,0.0,s2,13.03132759,94.90386295,165.1868617,,,,-0.0245091503267929,2,233.7791709812008,139.89309449558036,233779170.9812008,-736230.7764420122,2020-11-12,20204239.853191298,1858644.5148255613,19081826.11480775,9540913.057403876
2020-11-19,,,16.67538891,,4.313760583750654,0.0,s2,175.6035447,194.2837554,187.0397054,,,,-0.0245091503267985,5,233.65662522956683,139.88522217748823,233656625.22956684,-1839901.6377086395,2020-11-14,34427617.27534327,4337368.978128996,31930149.934922915,6386029.986984583
2020-11-24,,,10.10661416,,2.616299043844279,0.0,s2,206.9618548,169.2258342,208.002498,,,,-0.0381630849673172,5,233.46580980473024,139.8729642272846,233465809.80473024,-2862981.7738251192,2020-11-19,29293161.53856524,4333095.872096511,27823047.44029385,5564609.48805877
2020-11-28,100.82599311737636,246.80635018664293,38.854350562725664,,10.053218177835143,0.0,l8,,,,,,,-0.0927788235294144,4,233.09469451061256,139.84912384436484,233094694.51061252,-5561490.539056585,2020-11-24,21410042.971011303,3561291.696415847,23410241.81365204,5852560.45341301
2020-11-29,,,242.7918282,,62.807754712230974,0.0,s2,34.08279401,109.6888353,180.8879245,,,,-0.0927788235294428,1,233.0019156870832,139.8431637486349,233001915.68708315,-1388990.2080876245,2020-11-28,7912124.482598735,758359.3439749525,8542755.346711408,8542755.346711408
2020-12-04,,,375.8288716,,100.53500415616372,1.0,s2,0.0,0.0,180.1490034,,,,-0.0927788235294144,5,232.53802156943607,139.8133632699852,232538021.56943607,-6936656.480402164,2020-11-29,21971955.520106435,3996977.8571797176,24911634.143328883,4982326.828665776
2020-12-09,,,83.18113178,,21.52967328888525,0.0,s2,105.4347245,197.7398987,179.4100823,,,,-0.1878152679738548,5,231.5989452295668,139.78375433843482,231598945.2295668,-6871299.839974177,2020-12-04,19454783.75626489,4272545.166193935,22053538.43004513,4410707.686009026
2020-12-14,,,61.05046627,,15.794840117275076,0.0,s2,129.6125031,195.858615,164.8102741,,,,-0.2115743790849649,5,230.541073334142,139.76024607409204,230541073.334142,-5432054.859886506,2020-12-09,17443785.531211924,4042618.301075927,18833222.0900225,3766644.4180045
2020-12-19,,,75.47743172,,19.525237125160736,0.0,s2,139.3823348,171.703691,208.8361513,,,,-0.2082823790849658,5,229.4996614387172,139.73710358752703,229499661.4387172,-5323243.261918409,2020-12-14,15796025.538420675,4037119.479058191,17082149.321280893,3416429.8642561785
2020-12-24,,,105.0682064,,27.18006691189532,0.0,s2,70.40261228,211.0926388,144.1377621,,,,-0.2033443790849617,5,228.4829395432924,139.7145097676287,228482939.5432924,-5173788.201578785,2020-12-19,14734436.782161701,3783710.468624386,16124514.5151161,3224902.9030232197
2020-12-29,,,2.044871215,,0.5289872011225129,0.0,s2,216.0922977,168.4262887,216.3117679,,,,-0.2033443790849673,5,227.4662176478675,139.67828165061894,227466217.6478675,-8259089.708610493,2020-12-24,13376085.29261537,4193326.905189199,17441848.096036665,3488369.619207333
2020-12-30,26.59926507116699,354.89496679974934,5.0597198116536735,,1.3089297857724682,0.0,l8,,,,,,,-0.0696916078431399,1,227.3965260400244,139.67412095761338,227396526.0400244,-946272.1180758676,2020-12-29,4195105.696218768,880326.9363360001,4261050.877958636,4261050.877958636
2021-01-03,,,1.751840392,,0.4531831339963301,0.0,s2,231.0355217,153.7760955,231.1424291,,,,-0.0696916078431542,4,227.1177596086517,139.65747818559117,227117759.6086517,-3782188.8184504784,2020-12-30,10638106.192551455,2739604.1560129207,11680690.854989013,2920172.713747253
2021-01-08,,,45.7139411,,11.835953359084852,0.0,s2,156.9615617,183.5539771,182.6696959,,,,-0.1801880392156817,5,226.21681941257333,139.6036907111984,226216819.4125733,-12191861.03022587,2021-01-03,12433658.225753624,3822658.3700754168,20802860.885904077,4160572.1771808155
2021-01-13,,,11.1941308,,2.895956398157951,0.0,s2,219.4396285,155.9097262,228.5106946,,,,-0.1801880392156817,5,225.3158792164949,139.54990323680568,225315879.2164949,-12143401.732493488,2021-01-08,11206602.613542747,3954945.984244718,19395058.361791514,3879011.672358303
2021-01-15,15.87021052984619,247.45327399676384,123.23997300117496,,31.880916470827263,0.0,l8,,,,,,,-0.1801880392156789,2,224.9555031380636,139.52838824704858,224955503.1380636,-4843792.089635412,2021-01-13,5117574.89373083,1702425.455659485,8258941.527706759,4129470.7638533795
2021-01-18,,,1.658767201,,0.4292169225048119,0.0,s2,211.8777456,172.9270943,212.0208527,,,,-0.2530279411764695,3,224.19641931453413,139.4918744789265,224196419.31453413,-8200114.5740128895,2021-01-15,6272984.844732179,2629655.3297748077,11843444.08897026,3947814.6963234204
2021-01-23,,,3.877266672,,1.0030778526783608,0.0,s2,196.2376533,186.4220434,198.1923486,,,,-0.2530279411764639,5,222.93127960865183,139.4556240575545,222931279.60865185,-8104283.746526605,2021-01-18,8704450.465268455,4306005.469032804,12502728.742762258,2500545.748552452
2021-01-28,,,2.674042296,,0.6917507388787136,0.0,s2,210.6933809,173.1941149,211.2570522,,,,-0.2245758300653619,5,221.80840045832505,139.42344986986606,221808400.45832503,-7154568.969485897,2021-01-23,8082814.493612882,4509287.847564078,10728095.6155347,2145619.12310694
2021-01-31,227.2639810396463,157.44715869448265,1.8523177936558128,227.6718965745584,0.4791756068982994,0.0,l8,,,,227.6718965745584,227.6718965745584,-0.0769536588412002,-0.1107673856209222,3,227.6718965745584,139.69056098952586,227671896.5745584,60030592.70273692,2021-01-28,5557940.281073055,2619521.5882265917,-57092174.00989046,0.0
2021-02-02,,,40.40228981,,10.45165781324657,0.0,s2,184.782464,161.3787037,219.6322934,,,,-0.1107673856209174,2,227.45036180331653,139.6773350330338,227450361.80331653,-3009713.593934718,2021-01-31,4276295.003492245,1809402.4011061909,5476606.196320773,2738303.0981603866
2021-02-07,,,29.60099995,,7.657474955757105,0.0,s2,201.6556436,155.306814,225.4051468,,,,-0.1107673856209203,5,226.89652487521195,139.6442701418037,226896524.87521195,-7511465.194382664,2021-02-02,7872978.15277432,5058185.678652725,10326257.668504257,2065251.5337008513
2021-02-12,,,46.93671419,,12.14204635243211,0.0,s2,189.9333369,149.6934064,224.8080293,,,,-0.1948751503267942,5,225.922149123578,139.586098455139,225922149.123578,-13170613.009892872,2021-02-07,14042443.144117957,4474174.234151404,22738881.919859424,4547776.383971885
2021-02-16,162.9191665000675,193.91930704579696,29.72498398192042,,7.689548353075741,0.0,l8,,,,,,,-0.215902091503267,4,225.0585407575649,139.5345397467203,225058540.7575649,-11625990.946022138,2021-02-12,9421100.880401822,3929008.2848326988,17118083.54159126,4279520.885397815
2021-02-17,,,1.589598072,,0.4112245572237153,0.0,s2,211.5774281,173.3852952,211.6307506,,,,-0.215902091503267,1,224.84263866606165,139.52165006961562,224842638.66606164,-2899540.4658928807,2021-02-16,2303171.2926466456,1164502.3690071285,4038209.3895323975,4038209.3895323975
2021-02-22,,,1.534133642,,0.3968823668983894,0.0,s2,220.965089,164.0469608,221.0399612,,,,-0.2706627712418253,5,223.4893248098525,139.47161389139978,223489324.80985248,-11216409.012167724,2021-02-17,7324469.46648083,5098973.716565905,13441904.76208265,2688380.95241653
2021-02-27,,,1.641386728,,0.4246099045190238,0.0,s2,73.92924422,310.9928266,73.95227739,,,,-0.3528037908496685,5,221.72530585560412,139.42106893569067,221725305.8556041,-11251676.894017523,2021-02-22,6041159.6416310165,5021691.329936345,12271145.205712195,2454229.041142439
2021-03-04,,,7.428910888,,1.92178493015686,0.0,s2,216.2991231,162.8350393,220.8602488,,,,-0.3528037908496742,5,219.9612869013558,139.37052397998156,219961286.9013558,-11162514.634105004,2021-02-27,6891538.630257364,4086496.8052173518,13967556.459145017,2793511.2918290035
2021-03-09,,,1.692078206,,0.437724574774213,0.0,s2,78.22996494,306.6402619,78.26643363,,,,-0.3915198692810463,5,218.00368755495057,139.31443230816478,218003687.55495057,-12283093.8072223,2021-03-04,8276471.537165739,4463133.771671793,16096431.572716244,3219286.3145432486
2021-03-14,,,1.529409529,,0.3956433379724756,0.0,s2,217.4312995,167.6019807,217.5134776,,,,-0.3915198692810463,5,216.0460882085453,139.2004170005853,216046088.20854533,-24744159.344239336,2021-03-09,5728017.079937053,5496674.512625033,24975501.911551356,4995100.382310271
2021-03-19,,,3.781053593,,0.97811976784393,0.0,s2,155.5317215,227.2506824,155.5585986,,,,-0.3915167712418281,5,214.0885043523362,139.08742977883213,214088504.3523362,-24299856.296693444,2021-03-14,4842129.293361189,5254077.519009474,23887908.071045157,4777581.614209032
2021-03-20,160.01600592686313,152.18362097596685,74.35605201265007,,19.23553476727163,0.0,l8,,,,,,,-0.391514705882372,1,213.69698964645383,139.0774166149988,213696989.64645383,-2141743.118464012,2021-03-19,1494885.4558413685,1104898.7736950933,2531729.800610287,2531729.800610287
2021-03-24,,,378.5557118,,100.531129906499,1.0,s2,0.0,0.0,180.0156157,,,,-0.3915147058823578,4,212.1309308229244,139.03736395966558,212130930.8229244,-8527769.464912402,2021-03-20,4463690.3133090865,4490259.047186043,8501200.731035445,2125300.182758861
2021-03-29,,,45.02891964,,11.648519479363646,0.0,s2,164.9308961,176.6036417,204.4726328,,,,-0.4004319281045809,5,210.1287711824015,138.96241466544456,210128771.1824015,-15824033.32164042,2021-03-24,4547751.550454114,5679544.095037589,14692240.777056945,2938448.155411389
2021-04-03,,,6.585985833,,1.7037286509489142,0.0,s2,45.49810432,334.4789831,47.51778668,,,,-0.4361008169934564,5,207.9482670974342,138.81099077065514,207948267.09743425,-31653426.72917847,2021-03-29,4499526.436158982,5109423.7395658,31043529.42577165,6208705.88515433
2021-04-05,164.44968014520907,158.01226627387138,63.990962611573096,203.5315263115909,16.55854079920959,0.0,l8,,,,203.5315263115909,203.5315263115909,-0.3771932853588668,-0.4361008169934735,2,203.5315263115909,138.5665811271759,203531526.3115909,-50284814.80300352,2021-04-03,4220552.979004577,2059069.3781299654,52446298.40387813,26223149.201939065
2021-04-08,,,74.91797207,,19.380510651215808,0.0,s2,57.66820731,253.9772782,106.299811,,,,-0.4361008169934545,3,202.2232238606105,138.5046496502064,202223223.8606105,-12564495.48277851,2021-04-05,6644112.992099491,3195733.2919157436,16012875.182962257,5337625.060987419
2021-04-13,,,173.6816339,,44.929656565909696,0.0,s2,127.8094276,85.07239608,196.5048183,,,,-0.3656512745098041,5,200.39496748806152,138.41810496984908,200394967.48806152,-17422231.338156693,2021-04-08,5412791.18084562,5565224.521179589,17269797.99782272,3453959.599564544
2021-04-18,,,386.5634575,,100.52007021493976,1.0,s2,0.0,0.0,196.38372115,,,,-0.3480388888888853,5,198.6547730436171,138.335728901473,198654773.0436171,-16436074.3557469,2021-04-13,5740288.706705101,4549237.53054526,17627125.531906743,3525425.1063813483
2021-04-21,13.318403824401855,39.71028432742992,333.4863530967174,206.7514583321952,86.28030412981222,0.0,l8,,,,206.7514583321952,206.7514583321952,0.2012457512877681,-0.3480388888888892,3,206.7514583321952,138.72787905084687,206751458.3321952,79490057.09555957,2021-04-18,8044853.294786107,2757184.534914428,-74202388.33568789,0.0
2021-04-23,,,66.35537003,,17.165931121640437,0.0,s2,150.8473331,169.3499957,196.262624,,,,0.030148986928097,2,206.8117563060514,138.73206641014244,206811756.3060514,865868.8855608461,2021-04-21,8947598.77001787,2361032.660319211,5720697.224137813,2860348.6120689064
2021-04-28,,,175.9849595,,45.52550326333602,0.0,s2,75.01529639,135.5632017,197.9587655,,,,0.0301489869281056,5,206.96250124069192,138.74253480838138,206962501.24069196,2165776.854510878,2021-04-23,11052521.298294488,5062061.553697556,3824682.890086055,764936.5780172109
2021-05-03,,,28.22124081,,7.300545424490867,0.0,s2,170.8668051,187.4754116,188.732652,,,,0.0301489869280999,5,207.1132461753324,138.7530032066203,207113246.1753324,2167354.912513314,2021-04-28,15736907.83414937,5156177.40858825,8413375.513047807,1682675.1026095613
2021-05-07,178.9244264001649,187.95786654362425,19.68116458399558,196.2412213720277,5.091315332769387,0.0,l8,,,,196.2412213720277,196.2412213720277,-0.656889810010469,-0.1591298039215729,4,196.2412213720277,138.2351089045292,196241221.3720277,-104447490.23288234,2021-05-03,8122762.2604331765,4706890.652402542,107863361.84091298,26965840.460228246
2021-05-08,,,386.5634575,,100.52007021493976,1.0,s2,0.0,0.0,191.26379885,,,,-0.1591298039215587,1,196.0820915681061,138.22888377772543,196082091.5681061,-1221131.1855637075,2021-05-07,1939948.6719837012,1190992.0669902908,1970087.7905571181,1970087.7905571181
2021-05-13,,,114.9330304,,29.731995650485928,0.0,s2,109.5256182,162.104809,193.7949457,,,,-0.1591298039215757,5,195.28644254849823,138.19775814370655,195286442.54849824,-6090796.879709037,2021-05-08,12360753.062541947,4933084.7234955095,13518465.218755472,2703693.0437510945
2021-05-18,,,357.3151137,,100.562880643937,1.0,s2,0.0,0.0,194.2531588,,,,0.1493713333333346,5,196.03329921516493,138.2269750304221,196033299.21516493,5716572.282332703,2021-05-13,30878854.60010473,5300102.184941214,19862180.132830814,3972436.0265661627
2021-05-23,46.80418559230837,177.46562756507126,161.92300856852543,,41.92802130419918,0.0,l8,,,,,,,0.355038758169934,5,197.8084930060146,138.29642026429397,197808493.00601465,13675217.684659056,2021-05-18,31762950.88905128,5266302.243296306,12821430.961095918,2564286.192219184
2021-05-28,,,386.5634575,,100.52007021493976,1.0,s2,0.0,0.0,195.169585,,,,0.2520227124183066,5,199.06860656810613,138.35531865411153,199068606.5681061,11687711.06018898,2021-05-23,53611155.435732596,4156818.4468996385,37766625.92864398,7553325.185728796
2021-06-02,,,27.71266573,,7.168982269321022,0.0,s2,186.4676324,172.3831594,195.6277981,,,,-0.1600414705882372,5,198.2683992151649,138.3174390161025,198268399.21516493,-7525490.973331226,2021-05-28,30743240.744400695,5788364.534539431,32480367.18319249,6496073.436638499
2021-06-07,,,386.5634575,,100.52007021493976,1.0,s2,0.0,0.0,195.6181223,,,,-0.1600414705882315,5,197.4681918622238,138.28310775011147,197468191.8622238,-6793069.085330296,2021-06-02,26163404.77976079,4616752.7522033565,28339721.11288773,5667944.222577546
2021-06-08,0.0,0.0,386.563457527785,,100.52007021490218,1.0,l8,,,,,,,-0.1600414705882258,1,197.3081503916356,138.276846959086,197308150.3916356,-1235806.090327906,2021-06-07,22780482.74095166,824943.8794783037,23191344.951801263,23191344.951801263
2021-06-12,,,386.5634575,,100.52007021493976,1.0,s2,0.0,0.0,195.6084465,,,,-0.0163996078431409,4,197.242551960263,138.2742807612817,197242551.960263,-506247.5730300369,2021-06-08,64470026.09560909,2614573.616161461,62361700.05247767,15590425.013119418
2021-06-17,,,386.4924325,,100.52016628441704,1.0,s2,0.0,0.0,195.5987707,,,,-0.0163996078431466,5,197.16055392104727,138.2710730140263,197160553.92104727,-632572.7402008299,2021-06-12,89954772.31465533,4433577.702734164,86153767.35212201,17230753.470424403
2021-06-22,,,53.2100468,,13.764893125272998,0.0,s2,168.900422,164.4529888,195.5890949,,,,-0.0015938300653601,5,197.15258477072047,138.2707612624243,197152584.77072045,-61463.87634368492,2021-06-17,50402570.7701532,4945557.588417636,45518477.05807925,9103695.41161585
2021-06-24,67.91931474481824,107.4632694781842,211.1653188711888,197.2327260381532,54.62849938671988,0.0,l8,,,,197.2327260381532,197.2327260381532,0.020656347210948,0.020614836601311,2,197.2327260381532,138.2738963731307,197232726.0381532,618220.8051838095,2021-06-22,19793721.694625147,1987983.1682050193,17187517.72123632,8593758.86061816
2021-06-27,,,114.1237175,,29.5226347075182,0.0,s2,119.6073843,152.8323558,193.1479173,,,,0.0206148366013205,3,197.2945705479572,138.2763157182575,197294570.5479572,477248.8461946462,2021-06-24,28148350.8160019,2718719.2574477936,24952382.71235946,8317460.904119819
2021-07-02,,,59.91286551,,15.498843552342272,0.0,s2,183.654782,142.99581,197.7145802,,,,0.020614836601311,5,197.3976447309637,138.28034796013551,197397644.73096368,795747.2396856833,2021-06-27,32269149.236116238,5037229.270529445,26436172.72590111,5287234.545180222
2021-07-07,,,5.386500866,,1.3935848022404016,0.0,s2,193.5802385,187.5544725,195.8955799,,,,-0.1615004901960787,5,196.59014227998333,138.24875862219986,196590142.2799833,-6222906.6732051615,2021-07-02,29872083.977783144,4518008.79167149,31576981.85931681,6315396.371863362
2021-07-10,74.25756927785022,83.93236414957224,228.1108524567465,192.23106147688583,59.050061711535015,0.0,l8,,,,192.23106147688583,192.23106147688583,-0.312604035079211,-0.1615004901960806,3,192.23106147688583,138.07823223381462,192231061.47688583,-33152137.802130405,2021-07-07,26595570.33692888,2679797.627341304,57067910.51171799,19022636.83723933
2021-07-12,,,386.3585806,,100.52034743100516,1.0,s2,0.0,0.0,193.39697145,,,,-0.1615004901960759,2,191.90806049649368,138.06559649864036,191908060.49649367,-2426940.1076636114,2021-07-10,17934829.568937603,1974644.7677284365,18387124.90887278,9193562.45443639
2021-07-17,,,176.9114991,,45.76518955903818,0.0,s2,125.7230254,83.92893302,190.898363,,,,-0.1262233333333313,5,191.27694382982705,138.04090733808616,191276943.82982704,-4730258.046887795,2021-07-12,53076523.74570601,4202418.094707577,53604363.69788622,10720872.739577245
2021-07-22,,,315.2345395,,81.54794080607064,0.0,s2,42.60196714,28.72695086,187.6429252,,,,-0.1027052287581682,5,190.76341768603612,138.02081829578626,190763417.6860361,-3837412.491380811,2021-07-17,66007493.97190276,4126022.8747502286,65718883.58853334,13143776.71770667
2021-07-26,77.622578382088,127.16199986511911,180.8417562959159,188.8563888661293,46.8955929864518,0.0,l8,,,,188.8563888661293,188.8563888661293,-0.2109170381722833,-0.1027052287581682,4,188.8563888661293,137.94621570136448,188856388.86612928,-14160311.231342187,2021-07-22,87033908.7051044,2160683.8376240167,99033536.09882256,24758384.02470564
2021-07-27,,,378.2377803,,100.5315787261995,1.0,s2,0.0,0.0,190.825588725,,,,0.1030399999999929,1,188.9594288661293,137.95024660600996,188959428.86612928,761469.7674154815,2021-07-26,43266292.64110648,1158651.195552701,41346171.6781383,41346171.6781383
2021-08-01,,,381.2952107,,100.52729376580024,1.0,s2,0.0,0.0,194.00825225,,,,0.1030400000000042,5,189.4746288661293,137.97040112923733,189474628.8661293,3813579.003297454,2021-07-27,67423937.60772187,4265085.351921286,59345273.25250313,11869054.650500625
2021-08-06,,,382.3593273,,100.52581857639645,1.0,s2,0.0,0.0,197.190915775,,,,0.1030399999999986,5,189.9898288661293,137.99055565246474,189989828.8661293,3823962.613669592,2021-08-01,43273475.273230836,4160612.315645148,35288900.343916096,7057780.068783219
2021-08-11,,,162.5044397,,42.038231116239714,0.0,s2,95.82934216,128.2296757,200.3735793,,,,0.4141535424836547,5,192.0605965785476,138.07156368033438,192060596.5785476,15474575.756015718,2021-08-06,36483224.54907062,4474991.542088185,16533657.250966717,3306731.450193343
2021-08-16,,,334.0826077,,86.42374263726245,0.0,s2,23.7573193,28.72353057,199.3361959,,,,0.4919319281045716,5,194.52025621907043,138.16778508436462,194520256.21907043,18598676.213698253,2021-08-11,42309447.42726483,4419078.417747749,19291692.795818828,3858338.5591637655
2021-08-21,,,95.88688309,,24.804952778672952,0.0,s2,146.2165324,144.460042,197.6753672,,,,0.4311092875816939,5,196.6758026569789,138.25210963939284,196675802.6569789,16493716.796757651,2021-08-16,42998499.530361764,4702903.0671698125,21801879.6664343,4360375.93328686
2021-08-26,,,13.01930327,,3.368438695779501,0.0,s2,195.2209522,178.2682859,199.657731,,,,0.3398753267973916,5,198.37517929096583,138.3224936942469,198375179.29096583,13902644.991787154,2021-08-21,56155212.34950823,4362183.225448638,37890384.13227244,7578076.826454488
2021-08-27,37.27284293375316,20.832805414527584,328.3886997836302,198.5359183852628,84.96597721826214,0.0,l8,,,,198.5359183852628,198.5359183852628,0.3024852974729217,0.3398753267973688,1,198.5359183852628,138.33010264545624,198535918.3852628,1510038.58833095,2021-08-26,14026884.398709144,798333.1783355926,11718512.632042602,11718512.632042602
2021-08-31,,,386.5634575,,100.52007021493976,1.0,s2,0.0,0.0,201.35997995,,,,0.3398753267973902,4,199.89541969245235,138.39445773692083,199895419.69245237,12820542.602175448,2021-08-27,35605655.96843119,3287404.24507695,19497709.12117879,4874427.280294698
2021-09-05,,,218.2496753,,56.458951578139846,0.0,s2,97.35790538,70.95587684,203.0622289,,,,0.7846488562091508,5,203.8186639734981,138.58017344253244,203818663.9734981,37488022.95668401,2021-08-31,52556489.035101384,3613602.764770041,11454863.313647334,2290972.662729467
2021-09-10,,,386.5634575,,100.52007021493976,1.0,s2,0.0,0.0,210.7373121,,,,0.7846488562091508,5,207.74190825454383,138.79666029545442,207741908.25454384,44548726.5342079,2021-09-05,70253030.72994937,3603150.547299196,22101153.648442272,4420230.729688454
2021-09-12,0.0,0.0,386.563457527785,,100.52007021490218,1.0,l8,,,,,,,0.7846488562091452,2,209.3112059669621,138.90563930326127,209311205.96696213,22725017.295308672,2021-09-10,61777925.54782268,1195670.626845044,37857237.62566896,18928618.81283448
2021-09-15,,,386.5634575,,100.52007021493976,1.0,s2,0.0,0.0,218.4123953,,,,0.5374103594771213,3,210.9234370453935,139.00648176586685,210923437.04539356,21188748.136772245,2021-09-12,105352829.69754063,2542978.8138663014,81621102.74690208,27207034.24896736
2021-09-20,,,334.5665148,,86.54892445216323,0.0,s2,12.23325755,39.76368516,226.0874785,,,,0.537410359477127,5,213.61048884277915,139.07520431822965,213610488.8427792,14587527.475817526,2021-09-15,74989829.27094834,4319453.829659196,56082847.96547162,11216569.593094323
2021-09-25,,,386.5634575,,100.52007021493976,1.0,s2,0.0,0.0,224.7129344,,,,0.466349535947711,5,215.9422365225177,139.19330387140533,215942236.5225177,25364992.465519022,2021-09-20,75247343.24118486,3451516.952706892,46430833.822958946,9286166.764591789
2021-09-28,67.13891967965998,175.19619714325168,144.02671798877788,,37.27767729930562,0.0,l8,,,,,,,0.1821062418300698,3,216.4885552480079,139.23072296219232,216488555.24800792,8090583.528174149,2021-09-25,73426374.26028751,3085824.0730191325,62249966.65909423,20749988.886364743
2021-09-30,,,6.110426018,,1.5807045128458566,0.0,s2,221.6432884,158.8097431,223.3383903,,,,0.1821062418300556,2,216.852767731668,139.255669022717,216852767.731668,5405079.435448783,2021-09-28,34838945.98439934,2039165.7243153458,27394700.82463521,13697350.412317606
2021-10-05,,,386.5634575,,100.52007021493976,1.0,s2,0.0,0.0,222.2234028,,,,0.1821062418300698,5,217.7632989408184,139.3075443822584,217763298.9408184,11272932.360554878,2021-09-30,44528363.10722971,4412013.592710536,28843417.153964296,5768683.430792859
2021-10-10,,,386.5634575,,100.52007021493976,1.0,s2,0.0,0.0,221.1084153,,,,0.6950194705882324,5,221.2383962937596,139.40711737231402,221238396.29375955,21856355.71699334,2021-10-05,61358553.01203781,3453891.386709248,36048305.908335224,7209661.181667045
2021-10-14,0.0,0.0,386.563457527785,,100.0,2.0,l8,,,,,,,0.8232477777777802,4,224.53138740487063,139.5030679047684,224531387.40487063,21385924.04897579,2021-10-10,43917124.169219844,2656763.5491778115,19874436.57106624,4968609.14276656
2021-10-15,,,184.2221967,,47.656486654592754,0.0,s2,109.5621933,92.77829985,219.9934278,,,,0.823247777777766,1,225.3546351826484,139.55221702582975,225354635.1826484,11055751.293984242,2021-10-14,14919160.543986786,608357.4957013334,3255051.754301211,3255051.754301211
2021-10-20,,,386.5634575,,100.52007021493976,1.0,s2,0.0,0.0,199.4176871,,,,0.4985652026143782,5,227.8474611957203,139.70038802657157,227847461.19572031,33575704.079331696,2021-10-15,122687566.63322543,3490706.8131729057,85621155.74072082,17124231.148144163
2021-10-25,,,104.7701452,,27.104578092379143,0.0,s2,115.3531736,166.4170835,178.8419464,,,,0.0115413398692851,5,227.9051678950668,139.70167039766815,227905167.8950668,292221.9993744402,2021-10-20,75842077.36013485,4178929.9657974336,71370925.39496298,14274185.078992596
2021-10-30,48.22604690552331,119.86416992890294,218.10055449601512,232.9535846845729,56.47482298571007,0.0,l8,,,,232.9535846845729,232.9535846845729,0.5377760359267203,0.0115413398692851,5,232.9535846845729,139.84005897331303,232953584.68457288,31888793.171486694,2021-10-25,42011515.34339234,4394545.086338626,5728177.085567022,1145635.4171134043
2021-11-04,,,13.36237049,,3.456721876738002,0.0,s2,229.6414949,143.5580556,233.849141,,,,-0.041505457516348,5,232.74605739699115,139.8267274559095,232746057.39699116,-3104241.4416170823,2021-10-30,34628081.13988524,4656781.591608198,33075540.989894122,6615108.197978824
2021-11-09,,,368.8988476,,100.54510937090224,1.0,s2,0.0,0.0,218.4340917,,,,-0.0415054575163424,5,232.53853010940944,139.81339593850598,232538530.10940945,-3101474.7879643645,2021-11-04,28228312.5148325,4503898.586984492,26825888.71581237,5365177.743162474
2021-11-14,,,386.5411756,,100.52010034995068,1.0,s2,0.0,0.0,203.0190424,,,,-1.382903712418306,5,225.6240115473179,139.5682991968548,225624011.5473179,-56147073.05334055,2021-11-09,24614305.83422449,4114620.295083158,76646758.59248187,15329351.718496373
2021-11-15,67.1000971240354,121.3672868384774,197.99935708407097,232.11438137025505,51.23322036661484,0.0,l8,,,,232.11438137025505,232.11438137025505,-0.0524502071448651,-2.277169215686257,1,232.11438137025505,139.79520847489457,232114381.37025505,51932544.13400225,2021-11-14,7470305.839147817,922624.6499392823,-45384862.944793716,0.0
2021-11-19,,,250.1462145,,64.71025898266313,0.0,s2,19.32441623,117.0928268,187.6039931,,,,-2.277169215686272,4,223.00570450751,139.4577565761464,223005704.50751,-76790568.56893794,2021-11-15,18830303.682088424,3210685.373232263,92410186.8777941,23102546.719448525
2021-11-24,,,10.33869209,,2.675993934025587,0.0,s2,217.506669,158.5042475,219.0735313,,,,-1.356686248366009,5,216.22227326567992,139.21248447025206,216222273.26567996,-53865185.53807218,2021-11-19,19397322.699270036,4116692.2694933214,69145815.96784888,13829163.193569776
2021-11-29,,,386.1537139,,100.5206249289368,1.0,s2,0.0,0.0,208.61748766666668,,,,2.325245620915035,5,227.8485013702551,139.7004111415612,227848501.37025508,108336987.44689146,2021-11-24,16802224.54282356,4008238.455823589,-95543001.35989149,0.0
2021-12-01,0.0,0.0,386.563457527785,232.6439812423864,100.52007021490218,1.0,l8,,,,232.6439812423864,232.6439812423864,0.0330999920082089,2.325245620915041,2,232.6439812423864,139.82017010122397,232643981.2423864,27574050.325105965,2021-11-29,8353539.3187500425,1430489.3328932133,-20651000.339249134,0.0
2021-12-04,,,386.5623046,,100.5200717740862,1.0,s2,0.0,0.0,198.1614440333333,,,,2.325245620915032,3,239.61971810513148,140.1,239619718.10513148,66076751.59200446,2021-12-01,11023924.306338836,2620546.1691290736,-57673373.454794705,0.0
2021-12-09,,,39.2069914,,10.145136273215048,0.0,s2,167.3004161,179.9535561,187.7054004,,,,0.3756705359477109,5,241.49807078487004,140.12277534848613,241498070.78487003,5478812.652424322,2021-12-04,14132594.416771319,4516127.172459766,4137654.59188723,827530.918377446
2021-12-14,,,1.462697973,,0.378402247070719,0.0,s2,189.6820742,195.4010225,189.7097198,,,,-0.1117232352941186,5,240.93945460839944,140.1,240939454.60839945,-5493841.381810224,2021-12-09,12758117.540232204,4479623.064780107,13772335.857262323,2754467.1714524645
2021-12-17,232.93747812611443,151.2179125051593,2.4028765343893763,233.17358111451773,0.6216078502234185,0.0,l8,,,,233.17358111451773,233.17358111451773,0.0330999920082089,-0.1117232352941168,3,233.17358111451773,139.85419150628596,233173581.1145177,-58270505.58061985,2021-12-14,7917602.994094071,2647410.749646807,63540697.82506712,21180232.608355705
2021-12-19,,,1.669698605,,0.4322912009795571,0.0,s2,209.4193718,175.1548784,209.8283798,,,,-0.1174939215686237,2,232.93859327138048,139.83909592749768,232938593.27138048,-3518116.526308601,2021-12-17,5689889.758628342,1401870.3628601846,7806135.922076758,3903067.961038379
2021-12-24,,,2.317698169,,0.5997571750817192,0.0,s2,215.9430342,168.178691,216.3219524,,,,-0.1174939215686265,5,232.3511236635373,139.80135698052703,232351123.6635373,-8779771.976697484,2021-12-19,10738767.009521754,3961260.2903951188,15557278.69582412,3111455.739164824
2021-12-29,,,4.107003337,,1.064600654133062,0.0,s2,186.8055603,194.866209,188.4084893,,,,-0.1174939215686265,5,231.76365405569425,139.78741453457098,231763654.05569425,-3235447.602876651,2021-12-24,9874491.787204714,3947452.8564192024,9162486.533662163,1832497.3067324325
2022-01-02,28.7744640894165,264.88272543702254,92.9062680013457,,24.033898236402216,0.0,l8,,,,,,,-0.1037787254902014,4,231.3485391537334,139.77818975897185,231348539.1537334,-2136053.02979048,2021-12-29,7635581.999212651,3334522.148087644,6437112.880915486,1609278.2202288716
2022-01-03,,,263.0445373,,68.04834169257713,0.0,s2,64.55647226,58.95438732,233.5632242,,,,-0.3288853267973763,1,231.01965382693604,139.77088119615414,231019653.82693604,-1689623.4916557255,2022-01-02,2951284.97866512,786108.583369746,3854799.886951099,3854799.886951099
2022-01-08,,,322.7044049,,83.48031832736281,0.0,s2,26.19478603,37.66426662,237.0939627,,,,-0.3288853267973877,5,229.3752271929491,139.73433838206554,229375227.1929491,-8412062.272224331,2022-01-03,8656747.318087185,4264404.190955078,12804405.399356438,2560881.0798712876
2022-01-13,,,1.760971271,,0.4557525475403453,0.0,s2,212.0066422,172.6199735,212.2674033,,,,-0.3288853267973877,5,227.73080055896216,139.69407764531115,227730800.55896217,-9201712.726082476,2022-01-08,7805251.28666161,4492941.0343654705,12514022.978378613,2502804.5956757227
2022-01-18,,,1.689010424,,0.4369887011545932,0.0,s2,210.2109303,174.6112939,210.3150184,,,,-0.2710336405228759,5,226.37563235634772,139.61317208097597,226375632.3563477,-18369868.61162494,2022-01-13,7125831.618303036,4489824.84078054,21005875.389147438,4201175.077829488
2022-01-23,,,1.686762025,,0.4364559898891451,0.0,s2,212.2945878,172.4864875,212.4631968,,,,-0.2565707189542479,5,225.0927787615765,139.53658380666127,225092778.7615765,-17288593.257561054,2022-01-18,7151704.48046455,3535931.763962721,20904365.974062886,4180873.194812577
2022-01-28,,,41.21546238,,10.662017211357952,0.0,s2,204.6517435,140.6962517,225.5841319,,,,-0.3126855294117604,5,223.5293511145177,139.47276077692027,223529351.1145177,-14316211.768776778,2022-01-23,6920644.502594097,4280271.346324898,16956584.925045975,3391316.985009195
2022-02-02,,,107.7247574,,27.86728939437493,0.0,s2,184.5561241,94.28257602,231.4512822,,,,-0.3968577450980433,5,221.54506238902752,139.4159043664478,221545062.38902757,-12652666.772477295,2022-01-28,5893871.429422596,3985589.3444666713,14560948.857433219,2912189.7714866437
2022-02-03,203.8458311217568,154.42531671711802,28.28280473596769,227.6301722930824,7.316651284400391,0.0,l8,,,,227.6301722930824,227.6301722930824,-0.1154876837799025,-0.3968577450980319,1,227.6301722930824,139.6880699876467,227630172.2930824,61125028.38721418,2022-02-02,2607722.542714641,1002364.3591510605,-59519670.203650594,0.0
2022-02-07,,,7.498586764,,1.9398074539310333,0.0,s2,218.9288371,160.1360337,222.3811747,,,,-0.396857745098039,4,226.04274131269025,139.5932979888173,226042741.31269023,-21497744.41858864,2022-02-03,7984534.546989582,3685558.473441853,25796720.492136367,6449180.123034092
2022-02-12,,,14.9931787,,3.878581487490964,0.0,s2,219.0089974,152.5612814,228.5906798,,,,-0.289299248366018,5,224.59624507086016,139.50694000423044,224596245.07086015,-19458137.320176344,2022-02-07,7686659.267708914,4032905.1771695465,23111891.410715714,4622378.282143143
2022-02-17,,,199.8416373,,51.69698103055442,0.0,s2,136.5653761,50.15644411,215.1894787,,,,-0.2892992483660123,5,223.1497488290301,139.4618839206026,223149748.8290301,-10086840.472595371,2022-02-12,21532182.81325208,3581731.996011775,28037291.289835677,5607458.257967135
2022-02-19,0.0,0.0,352.0898032486494,222.33809830590965,100.57128199148934,1.0,l8,,,,222.33809830590965,222.33809830590965,-0.330754624198299,-0.2892992483660208,2,222.33809830590965,139.43862745862205,222338098.3059097,-5180235.589842576,2022-02-17,12470881.143486561,1591290.9328433247,16059825.800485812,8029912.900242906
2022-02-22,,,273.0664721,,70.63949445016125,0.0,s2,84.72315092,28.77383447,209.2116321,,,,-0.3364903267973791,3,221.3286273255175,139.4097027886968,221328627.32551748,-6416456.797854984,2022-02-19,23042742.823157385,2008966.4157428322,27450233.205269534,9150077.735089844
2022-02-27,,,1.449164947,,0.3748841021331678,0.0,s2,223.6475848,161.4667078,223.6913655,,,,-0.3364903267973773,5,219.6461756915306,139.361495005488,219646175.69153064,-10629208.852193523,2022-02-22,36019656.411418766,4911747.219273666,41737118.04433862,8347423.608867724
2022-03-04,,,1.444169239,,0.3735917637414807,0.0,s2,222.389681,162.7296073,222.433078,,,,-0.3755079019607762,5,217.76863618172672,139.30769731179734,217768636.18172672,-11765954.032456396,2022-02-27,15053491.02645073,4560599.285750898,22258845.773156233,4451769.154631247
2022-03-07,19.46737383143215,56.82612207382568,310.2621805815116,217.04602431873684,80.26325816796817,0.0,l8,,,,217.04602431873684,217.04602431873684,-0.330754624198299,-0.5315782026143836,3,217.04602431873684,139.26890577525594,217046024.31873685,-8433564.395769214,2022-03-04,9267486.447618226,2482701.9701903495,15218348.87319709,5072782.957732364
2022-03-09,,,34.4523542,,8.91247052238506,0.0,s2,206.9479035,145.1631998,219.539438,,,,-0.5315782026143836,2,215.98286791350807,139.19608684339096,215982867.9135081,-15766350.699515276,2022-03-07,12307221.017543536,1896234.7576633599,26177336.959395453,13088668.479697727
2022-03-14,,,1.415367283,,0.3661409933095509,0.0,s2,218.3034879,166.8446023,218.3242279,,,,-0.5315782026143893,5,213.32497690043613,139.06790222251755,213324976.90043613,-27515331.662728585,2022-03-09,20601872.89882279,5101209.049144305,43015995.51240707,8603199.102481414
2022-03-19,,,386.5634575,,100.52007021493976,1.0,s2,0.0,0.0,216.60607336666664,,,,-0.231364058823533,5,212.1681566063185,139.03831602573703,212168156.6063185,-6294361.788344131,2022-03-14,18866413.833636243,3657635.7513565053,21503139.870623868,4300627.974124773
2022-03-23,0.0,0.0,386.563457527785,,100.52007021490218,1.0,l8,,,,,,,-0.1563105228758132,4,211.5429145148152,139.02232517940703,211542914.5148152,-3387749.313308552,2022-03-19,52513314.41369003,2980023.548830186,52921040.17816839,13230260.044542098
2022-03-24,,,386.2490416,,100.52049576797174,1.0,s2,0.0,0.0,214.8879188333333,,,,-0.1563105228758274,1,211.38660399193932,139.01832746782455,211386603.99193937,-845375.1173547148,2022-03-23,16543434.658955894,665657.1898947414,16723152.586415866,16723152.586415866
2022-03-29,,,108.1602658,,27.97995094298846,0.0,s2,174.040774,104.3624178,213.1697643,,,,-0.1239047189542475,5,210.7670803971681,139.0024828746079,210767080.39716813,-3344426.702028946,2022-03-24,49457956.59928387,4058378.5487100184,48744004.75260279,9748800.950520558
2022-04-03,,,2.03162117,,0.5255595506354007,0.0,s2,204.3852291,180.1466072,204.5176554,,,,-0.0752960130718975,5,210.39060033180863,138.98059724526448,210390600.33180863,-4608650.447783509,2022-03-29,90198325.39065512,2125557.694196143,92681418.14424248,18536283.628848497
2022-04-08,,,1.533236362,,0.3966325146371913,0.0,s2,211.2877861,173.742435,211.4210147,,,,-0.0752960130718918,5,210.0141202664492,138.9544527962812,210014120.2664492,-5495624.885004368,2022-04-03,102952577.11393814,0.0,108448201.99894251,21689640.399788503
2022-04-13,,,1.517541986,,0.3925725405782723,0.0,s2,208.2720902,176.7738253,208.3650399,,,,-0.5310455228758144,5,207.35889265207007,138.77006198972708,207358892.65207008,-38479873.24298445,2022-04-08,35351780.716658734,0.0,73831653.95964319,14766330.791928638
2022-04-18,,,37.13522955,,9.606502845705933,0.0,s2,189.9345779,159.4936501,205.7887997,,,,-0.5310455228758201,5,204.70366503769105,138.6220669840327,204703665.03769103,-30491600.28586922,2022-04-13,31625257.541966587,0.0,62116857.827835806,12423371.565567162
2022-04-23,,,1.405763222,,0.3636565211998945,0.0,s2,67.76563234,317.392062,67.76832005,,,,-0.4308036797385625,5,202.5496466389982,138.52010161604724,202549646.6389982,-20762866.894204836,2022-04-18,28911295.030899793,0.0,49674161.92510463,9934832.385020927
2022-04-24,185.8384425422196,159.53147516189645,41.171925840758384,197.93234931606133,10.651350307428917,0.0,l8,,,,197.93234931606133,197.93234931606133,-0.3982015625557397,-0.363975784313709,1,197.93234931606133,138.30153132857097,197932349.31606132,-43766732.492483534,2022-04-23,8575667.340936689,0.0,52342399.833420224,52342399.833420224
2022-04-28,,,154.1887037,,39.88703553545616,0.0,s2,143.73652,88.6382339,200.7073776,,,,-0.3639757843137303,4,196.4764461788064,138.24431085296067,196476446.1788064,-11284129.431552447,2022-04-24,22242919.466201138,0.0,33527048.897753585,8381762.224438396
2022-05-03,,,385.5581062,,100.52143338067197,1.0,s2,0.0,0.0,200.7073776,,,,-0.3139886732026127,5,194.9065028127933,138.1828949755616,194906502.8127933,-12018563.605677463,2022-04-28,100771285.72955626,0.0,112789849.33523372,22557969.867046744
2022-05-08,,,386.5634575,,100.0,2.0,s2,0.0,0.0,200.7073776,,,,-0.1140402287581707,5,194.3363016690025,138.1605888183473,194336301.6690025,-4341255.595653454,2022-05-03,115878528.19033086,0.0,120219783.78598432,24043956.757196866
2022-05-10,0.0,0.0,386.563457527785,197.93234931606133,100.0,2.0,l8,,,,197.93234931606133,197.93234931606133,0.0,-0.1140402287581707,2,197.93234931606133,138.30153132857097,197932349.31606132,27643664.17594596,2022-05-08,29869394.261521123,0.0,2225730.0855751634,1112865.0427875817
2022-05-26,0.0,0.0,386.563457527785,,100.0,2.0,l8,,,,,,,-0.5885807189542493,16,188.5150578127933,137.932862897322,188515057.8127933,-71235479.67321487,2022-05-10,197579199.04570377,0.0,268814678.7189186,16800917.419932414
2022-06-11,0.0,0.0,386.563457527785,197.93234931606133,100.0,2.0,l8,,,,197.93234931606133,197.93234931606133,0.0,0.4654026225490177,16,197.93234931606133,138.30153132857097,197932349.31606132,71235479.67321487,2022-05-26,180223743.79849383,0.0,108988264.12527896,6811766.507829935
